物件名,アクセス1,アクセス2,所在地,築年数,建物の階数,賃料,管理費,敷金,礼金,仲介金,部屋の階数,間取り,面積,方角
【空室14件】 ジェノヴィア池袋本町,東武東上線 下板橋駅 徒歩8分,東武東上線 北池袋駅 徒歩9分,東京都豊島区池袋本町２丁目,2023年8月(新築),7階建,"119,000円","管理費10,000円",無料,無料,無料,603号室,2K,25.95㎡,西
【空室14件】 ジェノヴィア池袋本町,東武東上線 下板橋駅 徒歩8分,東武東上線 北池袋駅 徒歩9分,東京都豊島区池袋本町２丁目,2023年8月(新築),7階建,"115,500円","管理費10,000円",無料,無料,無料,103号室,2K,25.95㎡,西
【空室14件】 ジェノヴィア池袋本町,東武東上線 下板橋駅 徒歩8分,東武東上線 北池袋駅 徒歩9分,東京都豊島区池袋本町２丁目,2023年8月(新築),7階建,"115,500円","管理費10,000円",無料,無料,無料,105号室,2K,25.95㎡,西
【空室1件】 パークアクシス池上,東急池上線 池上駅 徒歩7分,東急多摩川線 武蔵新田駅 徒歩11分,東京都大田区池上７丁目,2015年3月(築8年),5階建,"157,000円","管理費15,000円",15.7万円,無料,無料,306号室,2DK,41.12㎡,南
【空室1件】 オープンレジデンシア上野入谷,東京メトロ日比谷線 入谷駅 徒歩6分,つくばエクスプレス 浅草駅 徒歩9分,東京都台東区入谷２丁目,2023年8月(新築),15階建,"189,000円","管理費10,000円",18.9万円,18.9万円,"88,000円",301号室,2LDK,48.1㎡,西
【空室1件】 市ヶ谷加賀町アパートA棟,つくばエクスプレス 浅草駅 徒歩9分,,東京都新宿区市谷加賀町２丁目,1969年4月(築54年),3階建,"163,000円","管理費10,000円",16.3万円,無料,無料,304号室,2LDK,48.71㎡,東
【空室2件】 ツイン・コート,東京メトロ東西線 西葛西駅 徒歩3分,東京メトロ東西線 葛西駅 徒歩23分,東京都江戸川区西葛西３丁目,1989年3月(築34年),10階建,"104,000円","管理費6,000円",10.4万円,無料,無料,E804号室,2DK,38.88㎡,東
【空室2件】 ツイン・コート,東京メトロ東西線 西葛西駅 徒歩3分,東京メトロ東西線 葛西駅 徒歩23分,東京都江戸川区西葛西３丁目,1989年3月(築34年),10階建,"104,000円","管理費6,000円",10.4万円,10.4万円,無料,W702号室,2LDK,44.55㎡,西
【空室1件】 アイルプレミア池袋ノルド,都営三田線 新板橋駅 徒歩2分,ＪＲ埼京線 板橋駅 徒歩6分,東京都板橋区板橋４丁目,2022年4月(築1年),12階建,"128,000円","管理費12,000円",無料,12.8万円,無料,1103号室,2K,33.13㎡,南
【空室2件】 ジェノヴィア木場Ⅱ,東京メトロ東西線 木場駅 徒歩8分,東京メトロ東西線 東陽町駅 徒歩10分,東京都江東区東陽１丁目,2023年6月(新築),10階建,"118,500円","管理費10,000円",無料,無料,無料,1002号室,2K,25.81㎡,東
【空室2件】 ジェノヴィア木場Ⅱ,東京メトロ東西線 木場駅 徒歩8分,東京メトロ東西線 東陽町駅 徒歩10分,東京都江東区東陽１丁目,2023年6月(新築),10階建,"118,500円","管理費10,000円",無料,無料,無料,1001号室,2K,25.76㎡,東
【空室1件】 エクセル米喜（池上）,東京メトロ東西線 東陽町駅 徒歩10分,,東京都大田区池上７丁目,1994年5月(築29年),3階建,"157,000円","管理費5,000円",15.7万円,15.7万円,無料,107号室,2LDK,53.52㎡,南
【空室1件】 中島ビル（葛西）,東京メトロ東西線 東陽町駅 徒歩10分,,東京都江戸川区中葛西,1991年9月(築32年),3階建,"95,000円","管理費5,000円",9.5万円,無料,"88,000円",203号室,2DK,47.12㎡,南西
【空室1件】 第３ウッディビル,京成押上線 京成立石駅 徒歩7分,京成本線 お花茶屋駅 徒歩18分,東京都葛飾区立石３丁目,1998年6月(築25年),4階建,"86,000円",管理費0円,8.6万円,無料,無料,108号室,2DK,46.02㎡,西
【空室2件】 パークアクシス新板橋ウエスト,都営三田線 新板橋駅 徒歩2分,ＪＲ埼京線 板橋駅 徒歩8分,東京都板橋区板橋４丁目,2007年2月(築16年),14階建,"177,000円","管理費10,000円",17.7万円,17.7万円,無料,1203号室,2LDK,53.4㎡,南
【空室2件】 パークアクシス新板橋ウエスト,都営三田線 新板橋駅 徒歩2分,ＪＲ埼京線 板橋駅 徒歩8分,東京都板橋区板橋４丁目,2007年2月(築16年),14階建,"170,000円","管理費10,000円",17.0万円,17.0万円,無料,1202号室,2DK,48.06㎡,北
【空室8件】 グランカーサ三ノ輪Ⅱ,ＪＲ埼京線 板橋駅 徒歩8分,,東京都台東区日本堤２丁目,2023年10月(新築),10階建,"171,000円","管理費12,000円",無料,17.1万円,無料,0605号室,2DK,40.57㎡,南西
【空室8件】 グランカーサ三ノ輪Ⅱ,ＪＲ埼京線 板橋駅 徒歩8分,,東京都台東区日本堤２丁目,2023年10月(新築),10階建,"172,000円","管理費12,000円",無料,17.2万円,無料,0705号室,2DK,40.57㎡,南西
【空室8件】 グランカーサ三ノ輪Ⅱ,ＪＲ埼京線 板橋駅 徒歩8分,,東京都台東区日本堤２丁目,2023年10月(新築),10階建,"169,000円","管理費12,000円",無料,16.9万円,無料,0505号室,2DK,40.57㎡,南西
【空室3件】 メゾン東小岩Ⅱ,ＪＲ総武線 小岩駅 徒歩10分,京成本線 江戸川駅 徒歩14分,東京都江戸川区東小岩５丁目,1988年11月(築35年),3階建,"80,000円","管理費3,000円",8.0万円,無料,無料,307号室,2K,36.36㎡,南西
【空室3件】 メゾン東小岩Ⅱ,ＪＲ総武線 小岩駅 徒歩10分,京成本線 江戸川駅 徒歩14分,東京都江戸川区東小岩５丁目,1988年11月(築35年),3階建,"78,000円","管理費3,000円",7.8万円,無料,無料,210号室,2K,36㎡,西
【空室3件】 メゾン東小岩Ⅱ,ＪＲ総武線 小岩駅 徒歩10分,京成本線 江戸川駅 徒歩14分,東京都江戸川区東小岩５丁目,1988年11月(築35年),3階建,"77,000円","管理費3,000円",7.7万円,無料,無料,106号室,2K,36.36㎡,南西
【空室1件】 フジハイツ錦糸町,ＪＲ総武線 錦糸町駅 徒歩10分,都営大江戸線 両国駅 徒歩14分,東京都墨田区亀沢４丁目,1977年3月(築46年),7階建,"120,000円",管理費0円,12.0万円,12.0万円,"88,000円",０５０２号室,2DK,44.84㎡,南
【空室1件】 ＳＹＦＯＲＭＥ東池袋,東京メトロ有楽町線 東池袋駅 徒歩4分,東京メトロ丸ノ内線 新大塚駅 徒歩10分,東京都豊島区東池袋５丁目,2022年10月(築1年),4階建,"143,000円","管理費15,000円",無料,無料,無料,00401号室,2K,31.72㎡,北西
【空室2件】 ハイシティプラザ南大泉,東京メトロ丸ノ内線 新大塚駅 徒歩10分,,東京都練馬区南大泉３丁目,1991年12月(築32年),8階建,"155,000円",管理費0円,15.5万円,15.5万円,無料,204号室,3LDK,74.63㎡,南
【空室2件】 ハイシティプラザ南大泉,東京メトロ丸ノ内線 新大塚駅 徒歩10分,,東京都練馬区南大泉３丁目,1991年12月(築32年),8階建,"158,000円",管理費0円,15.8万円,15.8万円,無料,404号室,3LDK,79.51㎡,南西
【空室6件】 ベルファース駒沢三丁目,東急田園都市線 駒沢大学駅 徒歩10分,東急田園都市線 桜新町駅 徒歩13分,東京都世田谷区駒沢３丁目,2023年7月(新築),3階建,"125,000円","管理費10,000円",12.5万円,無料,無料,216号室,2K,25.28㎡,北
【空室6件】 ベルファース駒沢三丁目,東急田園都市線 駒沢大学駅 徒歩10分,東急田園都市線 桜新町駅 徒歩13分,東京都世田谷区駒沢３丁目,2023年7月(新築),3階建,"129,000円","管理費10,000円",12.9万円,無料,無料,317号室,2K,25.72㎡,北
【空室6件】 ベルファース駒沢三丁目,東急田園都市線 駒沢大学駅 徒歩10分,東急田園都市線 桜新町駅 徒歩13分,東京都世田谷区駒沢３丁目,2023年7月(新築),3階建,"125,000円","管理費10,000円",12.5万円,無料,無料,217号室,2K,25.72㎡,北
【空室2件】 コスモプレイス赤羽Ⅱ,ＪＲ京浜東北・根岸線 赤羽駅 徒歩10分,東京メトロ南北線 志茂駅 徒歩14分,東京都北区神谷２丁目,1989年6月(築34年),4階建,"105,000円","管理費8,000円",10.5万円,無料,無料,0102号室,2DK,44.7㎡,南
【空室2件】 コスモプレイス赤羽Ⅱ,ＪＲ京浜東北・根岸線 赤羽駅 徒歩10分,東京メトロ南北線 志茂駅 徒歩14分,東京都北区神谷２丁目,1989年6月(築34年),4階建,"105,000円","管理費8,000円",10.5万円,10.5万円,無料,0402号室,2K,39.3㎡,南
【空室3件】 ADレジデンス戸越公園,東急大井町線 下神明駅 徒歩6分,東急大井町線 戸越公園駅 徒歩8分,東京都品川区豊町２丁目,1989年12月(築34年),3階建,"93,000円",管理費0円,9.3万円,無料,"37,000円",302号室,2K,29.7㎡,南
【空室3件】 ADレジデンス戸越公園,東急大井町線 下神明駅 徒歩6分,東急大井町線 戸越公園駅 徒歩8分,東京都品川区豊町２丁目,1989年12月(築34年),3階建,"90,000円",管理費0円,9.0万円,無料,"39,000円",102号室,2K,29.7㎡,南
【空室3件】 ADレジデンス戸越公園,東急大井町線 下神明駅 徒歩6分,東急大井町線 戸越公園駅 徒歩8分,東京都品川区豊町２丁目,1989年12月(築34年),3階建,"93,000円",管理費0円,9.3万円,無料,"37,000円",201号室,2K,29.7㎡,南
【空室1件】 ジオエント浅草雷門,東京メトロ銀座線 浅草駅 徒歩4分,都営浅草線 浅草駅 徒歩4分,東京都台東区雷門１丁目,2023年2月(新築),11階建,"184,000円","管理費15,000円",18.4万円,無料,無料,0201号室,2DK,40.85㎡,東
【空室1件】 パークハイム,ＪＲ京浜東北・根岸線 赤羽駅 徒歩7分,ＪＲ埼京線 赤羽駅 徒歩7分,東京都北区赤羽１丁目,1992年12月(築31年),4階建,"115,000円",管理費0円,11.5万円,無料,"88,000円",201号室,3K,46.92㎡,北西
【空室1件】 シャンボール第2南品川,京急本線 青物横丁駅 徒歩2分,ＪＲ京浜東北・根岸線 大井町駅 徒歩15分,東京都品川区南品川,1970年9月(築53年),7階建,"119,000円","管理費10,000円",11.9万円,11.9万円,"88,000円",302号室,2DK,36㎡,南西
【空室1件】 ＡＬＴＥＲＮＡ新宿中落合,都営大江戸線 落合南長崎駅 徒歩9分,西武池袋線 椎名町駅 徒歩10分,東京都新宿区中落合３丁目,2020年9月(築3年),5階建,"100,000円","管理費15,000円",無料,無料,無料,105号室,2K,25.72㎡,北
【空室2件】 コスモリード駒沢大学,東急田園都市線 駒沢大学駅 徒歩8分,東急世田谷線 西太子堂駅 徒歩13分,東京都世田谷区上馬２丁目,1994年3月(築29年),5階建,"129,000円","管理費6,000円",12.9万円,12.9万円,"88,000円",106号室,2DK,42.87㎡,北東
【空室2件】 コスモリード駒沢大学,東急田園都市線 駒沢大学駅 徒歩8分,東急世田谷線 西太子堂駅 徒歩13分,東京都世田谷区上馬２丁目,1994年3月(築29年),5階建,"167,000円","管理費8,000円",16.7万円,16.7万円,"88,000円",308号室,2LDK,54.42㎡,北東
【空室1件】 セゾンベルローズ,京急本線 京急蒲田駅 徒歩6分,ＪＲ京浜東北・根岸線 蒲田駅 徒歩9分,東京都大田区蒲田３丁目,1989年3月(築34年),3階建,"119,000円","管理費7,000円",11.9万円,11.9万円,無料,０１０５号室,2DK,49.4㎡,南
【空室1件】 ハウス公孫樹,東京メトロ千代田線 北綾瀬駅 徒歩7分,東京メトロ千代田線 綾瀬駅 徒歩21分,東京都足立区綾瀬１丁目,1987年11月(築36年),3階建,"76,000円",管理費0円,無料,無料,"68,000円",101号室,2DK,41.31㎡,南西
【空室6件】 ＳＹＦＯＲＭＥ住吉,東京メトロ半蔵門線 住吉駅 徒歩8分,都営新宿線 住吉駅 徒歩8分,東京都江東区大島１丁目,2021年10月(築2年),10階建,"112,000円","管理費10,000円",無料,無料,無料,00508号室,2K,25.74㎡,東
【空室6件】 ＳＹＦＯＲＭＥ住吉,東京メトロ半蔵門線 住吉駅 徒歩8分,都営新宿線 住吉駅 徒歩8分,東京都江東区大島１丁目,2021年10月(築2年),10階建,"110,000円","管理費10,000円",無料,無料,無料,00308号室,2K,25.74㎡,東
【空室6件】 ＳＹＦＯＲＭＥ住吉,東京メトロ半蔵門線 住吉駅 徒歩8分,都営新宿線 住吉駅 徒歩8分,東京都江東区大島１丁目,2021年10月(築2年),10階建,"111,000円","管理費10,000円",無料,無料,無料,00306号室,2K,25.89㎡,東
【空室1件】 クレストラン蒲田,京急本線 京急蒲田駅 徒歩5分,ＪＲ京浜東北・根岸線 蒲田駅 徒歩11分,東京都大田区蒲田３丁目,2022年8月(築1年),3階建,"140,000円","管理費5,000円",無料,14.0万円,"11,000円",301号室,2DK,46.45㎡,北
【空室2件】 山﨑マンション,東京メトロ千代田線 北綾瀬駅 徒歩6分,つくばエクスプレス 青井駅 徒歩22分,東京都足立区東綾瀬３丁目,1990年4月(築33年),3階建,"64,000円","管理費2,000円",6.4万円,無料,仲介手数料 ,202号室,2DK,43㎡,南東
【空室2件】 山﨑マンション,東京メトロ千代田線 北綾瀬駅 徒歩6分,つくばエクスプレス 青井駅 徒歩22分,東京都足立区東綾瀬３丁目,1990年4月(築33年),3階建,"68,000円","管理費2,000円",6.8万円,無料,"70,000円",203号室,2DK,47.52㎡,南西
【空室1件】 日神パレステージ東長崎,つくばエクスプレス 青井駅 徒歩22分,,東京都豊島区長崎５丁目,1989年3月(築34年),10階建,"123,000円","管理費8,000円",12.3万円,無料,無料,0203号室,2DK,43.5㎡,-
【空室1件】 ジュネス練馬,西武池袋線 練馬駅 徒歩5分,都営大江戸線 練馬駅 徒歩5分,東京都練馬区中村北１丁目,1978年1月(築45年),11階建,"84,000円","管理費9,000円",8.4万円,無料,無料,１００１号室,2DK,36.62㎡,北
【空室1件】 グランデュール六義園,都営三田線 千石駅 徒歩4分,ＪＲ山手線 巣鴨駅 徒歩9分,東京都文京区本駒込６丁目,1994年10月(築29年),5階建,"129,000円","管理費9,000円",12.9万円,12.9万円,無料,202号室,2DK,41.18㎡,南西
【空室1件】 ミュプレ池上,東急池上線 池上駅 徒歩2分,東急多摩川線 矢口渡駅 徒歩18分,東京都大田区池上６丁目,2021年3月(築2年),9階建,"168,000円","管理費12,000円",16.8万円,無料,無料,901号室,2DK,37.18㎡,北
【空室1件】 アイルグランデ大田,都営浅草線 馬込駅 徒歩8分,都営浅草線 西馬込駅 徒歩13分,東京都大田区中馬込１丁目,2021年4月(築2年),5階建,"135,000円","管理費10,000円",無料,無料,無料,204号室,2K,37.37㎡,南
【空室2件】 トーシンハイツ西葛西,東京メトロ東西線 西葛西駅 徒歩10分,ＪＲ京葉線 葛西臨海公園駅 バス15分 第七葛西小学校前下車 徒歩2分,東京都江戸川区西葛西７丁目,1987年4月(築36年),3階建,"77,000円","管理費3,000円",7.7万円,無料,無料,303号室,2K,35.1㎡,西
【空室2件】 トーシンハイツ西葛西,東京メトロ東西線 西葛西駅 徒歩10分,ＪＲ京葉線 葛西臨海公園駅 バス15分 第七葛西小学校前下車 徒歩2分,東京都江戸川区西葛西７丁目,1987年4月(築36年),3階建,"76,000円","管理費3,000円",7.6万円,無料,無料,105号室,2K,32.4㎡,西
【空室1件】 桜レジデンスC,東京メトロ千代田線 町屋駅 徒歩10分,京成本線 京成町屋駅 徒歩10分,東京都荒川区町屋４丁目,1972年5月(築51年),2階建,"60,000円","管理費5,000円",無料,無料,仲介手数料 ,101号室,2K,33㎡,南東
【空室1件】 ダイヤハイツ,ＪＲ中央線 中野駅 徒歩12分,西武新宿線 沼袋駅 徒歩9分,東京都中野区新井,1998年9月(築25年),4階建,"125,000円","管理費5,000円",12.5万円,12.5万円,無料,301号室,2DK,41.17㎡,西
【空室1件】 オーキッドレジデンス練馬北町,西武新宿線 沼袋駅 徒歩9分,,東京都練馬区北町２丁目,1991年3月(築32年),7階建,"139,000円","管理費10,000円",無料,無料,無料,303号室,3DK,55㎡,南
【空室1件】 フェリーチャス,都営大江戸線 新江古田駅 徒歩6分,西武池袋線 江古田駅 徒歩13分,東京都練馬区豊玉北,2020年3月(築3年),3階建,"197,000円","管理費3,000円",19.7万円,19.7万円,"88,000円",1号室,3LDK,76.41㎡,南
【空室1件】 アソシエール練馬春日町,西武池袋線 江古田駅 徒歩13分,,東京都練馬区春日町６丁目,2000年2月(築23年),3階建,"190,000円","管理費10,000円",38.0万円,19.0万円,"88,000円",0104号室,3LDK,78.86㎡,南
【空室1件】 高井戸ロジュマン,京王井の頭線 高井戸駅 徒歩11分,ＪＲ中央線 荻窪駅 バス13分 柳窪下車 徒歩3分,東京都杉並区高井戸東４丁目,1996年9月(築27年),3階建,"140,000円","管理費20,000円",無料,無料,無料,0202号室,2LDK,52.19㎡,南
【空室1件】 セイワビル,ＪＲ中央線 荻窪駅 バス13分 柳窪下車 徒歩3分,,東京都台東区千束３丁目,1994年2月(築29年),10階建,"102,000円","管理費5,000円",無料,無料,無料,801号室,2DK,35.8㎡,西
【空室4件】 Attirant下落合,西武新宿線 下落合駅 徒歩6分,東京メトロ東西線 落合駅 徒歩12分,東京都新宿区中落合１丁目,2023年6月(新築),4階建,"119,500円","管理費15,000円",11.9万円,無料,"88,000円",302号室,2K,30.45㎡,南東
【空室4件】 Attirant下落合,西武新宿線 下落合駅 徒歩6分,東京メトロ東西線 落合駅 徒歩12分,東京都新宿区中落合１丁目,2023年6月(新築),4階建,"118,500円","管理費15,000円",11.8万円,無料,"88,000円",102号室,2K,30.45㎡,南東
【空室4件】 Attirant下落合,西武新宿線 下落合駅 徒歩6分,東京メトロ東西線 落合駅 徒歩12分,東京都新宿区中落合１丁目,2023年6月(新築),4階建,"118,000円","管理費15,000円",11.8万円,無料,"88,000円",402号室,2K,30.45㎡,南東
【空室2件】 アイディ御殿山ヒルズファースト,東京メトロ東西線 落合駅 徒歩12分,,東京都品川区北品川３丁目,2023年10月(新築),4階建,"159,000円","管理費10,000円",無料,15.9万円,無料,202号室,2K,47.04㎡,南西
【空室2件】 アイディ御殿山ヒルズファースト,東京メトロ東西線 落合駅 徒歩12分,,東京都品川区北品川３丁目,2023年10月(新築),4階建,"159,000円","管理費10,000円",無料,15.9万円,無料,201号室,2K,47.04㎡,南西
【空室1件】 ルート南常盤台,東京メトロ東西線 落合駅 徒歩12分,,東京都板橋区南常盤台１丁目,1996年12月(築27年),7階建,"135,000円","管理費10,000円",13.5万円,13.5万円,無料,305号室,3DK,54.28㎡,東
【空室1件】 ライオンズマンション練馬,西武池袋線 練馬駅 徒歩6分,都営大江戸線 練馬駅 徒歩8分,東京都練馬区練馬３丁目,1986年4月(築37年),14階建,"105,000円",管理費0円,10.5万円,無料,無料,０２０９号室,2DK,44.1㎡,西
【空室1件】 パークアクシス蒲田壱番館,京急本線 京急蒲田駅 徒歩8分,ＪＲ京浜東北・根岸線 蒲田駅 徒歩12分,東京都大田区蒲田本町２丁目,2009年3月(築14年),7階建,"162,000円","管理費10,000円",16.2万円,16.2万円,無料,101号室,2DK,47.09㎡,東
【空室1件】 リシェル氷川台,東京メトロ有楽町線 氷川台駅 徒歩3分,東京メトロ副都心線 氷川台駅 徒歩3分,東京都練馬区桜台３丁目,1982年11月(築41年),5階建,"123,000円","管理費5,000円",12.3万円,12.3万円,無料,203号室,2LDK,55㎡,南東
【空室1件】 アルデア鷺宮,西武新宿線 鷺ノ宮駅 徒歩7分,西武新宿線 都立家政駅 徒歩14分,東京都中野区鷺宮４丁目,2019年2月(築4年),3階建,"116,000円","管理費4,000円",無料,無料,"25,000円",201号室,2K,40.14㎡,南東
【空室1件】 ハイツ若月,東京メトロ東西線 落合駅 徒歩4分,ＪＲ総武線 東中野駅 徒歩5分,東京都中野区東中野４丁目,1974年3月(築49年),3階建,"90,000円","管理費5,000円",9.0万円,9.0万円,"39,000円",201号室,2DK,42㎡,南
【空室1件】 舎人三丁目戸建,日暮里舎人ライナー 見沼代親水公園駅 徒歩4分,日暮里舎人ライナー 舎人駅 徒歩12分,東京都足立区舎人３丁目,1976年1月(築47年),2階建,"115,000円",管理費0円,無料,11.5万円,"25,000円",1号室,2LDK,62.35㎡,東
【空室1件】 永島ビル,東急池上線 蓮沼駅 徒歩5分,ＪＲ京浜東北・根岸線 蒲田駅 徒歩7分,東京都大田区西蒲田７丁目,1983年4月(築40年),6階建,"81,000円","管理費2,000円",無料,無料,無料,401号室,2DK,34.05㎡,南
【空室1件】 Ｋｏｌｅｔ足立江北＃０４,ＪＲ京浜東北・根岸線 蒲田駅 徒歩7分,,東京都足立区江北４丁目,2023年7月(新築),3階建,"196,000円",管理費0円,19.6万円,19.6万円,無料,-号室,3LDK,72.08㎡,南西
【空室1件】 ＨＦ田端レジデンス,ＪＲ山手線 田端駅 徒歩11分,ＪＲ山手線 西日暮里駅 徒歩12分,東京都北区田端新町２丁目,2015年12月(築8年),15階建,"183,000円","管理費8,000円",18.3万円,18.3万円,無料,1203号室,2LDK,57.24㎡,南東
【空室1件】 エクセル５１８Ｂ棟,ＪＲ京浜東北・根岸線 蒲田駅 徒歩5分,東急池上線 蓮沼駅 徒歩10分,東京都大田区西蒲田５丁目,1990年3月(築33年),2階建,"85,000円","管理費3,000円",無料,無料,無料,205号室,2DK,37.26㎡,南
【空室3件】 リーフコート東六郷,京急本線 雑色駅 徒歩7分,京急空港線 糀谷駅 徒歩13分,東京都大田区東六郷１丁目,1988年6月(築35年),3階建,"89,000円","管理費3,000円",8.9万円,無料,無料,303号室,2K,37.72㎡,南西
【空室3件】 リーフコート東六郷,京急本線 雑色駅 徒歩7分,京急空港線 糀谷駅 徒歩13分,東京都大田区東六郷１丁目,1988年6月(築35年),3階建,"93,000円","管理費3,000円",9.3万円,無料,無料,302号室,2K,37.72㎡,南西
【空室3件】 リーフコート東六郷,京急本線 雑色駅 徒歩7分,京急空港線 糀谷駅 徒歩13分,東京都大田区東六郷１丁目,1988年6月(築35年),3階建,"90,000円","管理費3,000円",9.0万円,無料,無料,202号室,2K,41㎡,南西
【空室2件】 コスモグラシア三ノ輪,京急空港線 糀谷駅 徒歩13分,,東京都台東区竜泉２丁目,2022年12月(築1年),14階建,"154,000円","管理費15,000円",無料,無料,無料,1005号室,2DK,40.02㎡,東
【空室2件】 コスモグラシア三ノ輪,京急空港線 糀谷駅 徒歩13分,,東京都台東区竜泉２丁目,2022年12月(築1年),14階建,"150,000円","管理費15,000円",無料,無料,無料,0205号室,2DK,40.02㎡,東
【空室1件】 田辺ハウス,京王井の頭線 富士見ヶ丘駅 徒歩10分,京王線 芦花公園駅 徒歩15分,東京都世田谷区北烏山１丁目,1991年5月(築32年),2階建,"99,000円","管理費1,000円",9.9万円,無料,"88,000円",201号室,2LDK,83.64㎡,南東
【空室3件】 メゾンシルク,都営浅草線 西馬込駅 徒歩3分,都営浅草線 馬込駅 徒歩14分,東京都大田区南馬込５丁目,1993年8月(築30年),2階建,"92,000円","管理費3,000円",9.2万円,9.2万円,無料,202号室,2K,38.2㎡,南
【空室3件】 メゾンシルク,都営浅草線 西馬込駅 徒歩3分,都営浅草線 馬込駅 徒歩14分,東京都大田区南馬込５丁目,1993年8月(築30年),2階建,"92,000円","管理費3,000円",9.2万円,9.2万円,無料,201号室,2K,38.2㎡,南
【空室3件】 メゾンシルク,都営浅草線 西馬込駅 徒歩3分,都営浅草線 馬込駅 徒歩14分,東京都大田区南馬込５丁目,1993年8月(築30年),2階建,"89,000円","管理費3,000円",8.9万円,8.9万円,無料,101号室,2K,38.2㎡,南
【空室1件】 サンハイツ,京急本線 雑色駅 徒歩5分,京急本線 六郷土手駅 徒歩17分,東京都大田区仲六郷２丁目,1996年2月(築27年),2階建,"85,000円",管理費0円,8.5万円,無料,無料,101号室,2K,40.36㎡,東
【空室1件】 Ｋｏｌｅｔ梅島＃１３,京急本線 六郷土手駅 徒歩17分,,東京都足立区梅田６丁目,2023年7月(新築),3階建,"194,000円",管理費0円,19.4万円,19.4万円,無料,-号室,2SLDK,70.18㎡,南西
【空室1件】 ブルックス,京急本線 六郷土手駅 徒歩17分,,東京都板橋区本町,1994年2月(築29年),7階建,"105,000円","管理費5,000円",無料,無料,無料,501号室,2DK,40㎡,-
【空室1件】 イーストパークス大島サザンスクエア,都営新宿線 大島駅 徒歩2分,ＪＲ総武線 亀戸駅 徒歩16分,東京都江東区大島６丁目,1997年9月(築26年),14階建,"146,000円","管理費10,000円",14.6万円,29.2万円,"88,000円",0302号室,2SLDK,68.58㎡,南西
【空室2件】 綾東ヴィレッジ弐番館,東京メトロ千代田線 綾瀬駅 徒歩11分,つくばエクスプレス 青井駅 徒歩7分,東京都足立区綾瀬６丁目,1991年9月(築32年),6階建,"137,000円","管理費15,000円",13.7万円,無料,無料,501号室,2LDK,66.01㎡,南
【空室2件】 綾東ヴィレッジ弐番館,東京メトロ千代田線 綾瀬駅 徒歩11分,つくばエクスプレス 青井駅 徒歩7分,東京都足立区綾瀬６丁目,1991年9月(築32年),6階建,"159,000円","管理費15,000円",15.9万円,無料,無料,405号室,2LDK,66.19㎡,南
【空室1件】 フェリーチェ錦糸町,ＪＲ総武線 錦糸町駅 徒歩7分,東京メトロ半蔵門線 住吉駅 徒歩8分,東京都墨田区江東橋２丁目,2022年2月(築1年),15階建,"106,000円","管理費10,000円",10.6万円,無料,無料,1402号室,2K,25.6㎡,北
【空室1件】 堀切菖蒲園戸建,京成本線 堀切菖蒲園駅 徒歩8分,東京メトロ千代田線 綾瀬駅 徒歩19分,東京都葛飾区堀切６丁目,1985年10月(築38年),2階建,"148,000円",管理費0円,14.8万円,無料,無料,1号室,3DK,70.36㎡,南
【空室1件】 西池袋ローヤルコーポ,東京メトロ千代田線 綾瀬駅 徒歩19分,,東京都豊島区西池袋５丁目,1978年7月(築45年),9階建,"140,000円","管理費15,000円",28.0万円,14.0万円,"88,000円",601号室,2LDK,57.75㎡,東
【空室1件】 ドルメン五反田,東急池上線 戸越銀座駅 徒歩9分,ＪＲ山手線 五反田駅 徒歩12分,東京都品川区西五反田６丁目,1981年6月(築42年),10階建,"108,000円","管理費10,000円",10.8万円,10.8万円,無料,０４０２号室,2DK,41.39㎡,北西
【空室1件】 Ｋｏｌｅｔ堀切菖蒲園＃０６,ＪＲ山手線 五反田駅 徒歩12分,,東京都葛飾区堀切２丁目,2023年4月(新築),3階建,"194,000円",管理費0円,19.4万円,19.4万円,無料,-号室,2SLDK,70.55㎡,北
【空室1件】 小梅マンション,西武池袋線 桜台駅 徒歩2分,西武有楽町線 新桜台駅 徒歩10分,東京都練馬区桜台４丁目,1975年2月(築48年),4階建,"72,000円","管理費3,000円",7.2万円,無料,無料,402号室,2K,30㎡,南
【空室1件】 エクセル５１８Ａ棟,ＪＲ京浜東北・根岸線 蒲田駅 徒歩5分,東急池上線 蓮沼駅 徒歩8分,東京都大田区西蒲田５丁目,1990年3月(築33年),2階建,"85,000円","管理費3,000円",無料,無料,無料,206号室,2DK,37.26㎡,南
【空室1件】 けやき通り北八番館,東京メトロ日比谷線 南千住駅 徒歩16分,東京メトロ日比谷線 南千住駅 バス7分 汐入公園前下車 徒歩1分,東京都荒川区南千住８丁目,1992年7月(築31年),10階建,"110,000円",管理費0円,11.0万円,無料,無料,909号室,2DK,49.39㎡,東
【空室1件】 ドゥーエ大鳥居WEST,東京メトロ日比谷線 南千住駅 バス7分 汐入公園前下車 徒歩1分,,東京都大田区西糀谷２丁目,2021年11月(築2年),5階建,"106,000円","管理費8,000円",10.6万円,10.6万円,無料,308号室,2K,25.61㎡,西
【空室1件】 ハオスローレライ,都営新宿線 篠崎駅 徒歩6分,都営新宿線 瑞江駅 徒歩30分,東京都江戸川区上篠崎４丁目,1998年2月(築25年),8階建,"78,000円","管理費6,000円",7.8万円,無料,無料,405号室,2K,39.75㎡,南
【空室1件】 サンライズ入谷,東京メトロ日比谷線 入谷駅 徒歩7分,東京メトロ日比谷線 三ノ輪駅 徒歩8分,東京都台東区下谷３丁目,1974年10月(築49年),11階建,"88,000円",管理費0円,8.8万円,8.8万円,"88,000円",903号室,2K,38㎡,東
【空室1件】 ライオンズマンション東品川,京急本線 新馬場駅 徒歩8分,東京臨海高速鉄道りんかい線 天王洲アイル駅 徒歩12分,東京都品川区東品川３丁目,1980年6月(築43年),11階建,"138,000円","管理費12,000円",13.8万円,13.8万円,無料,０６１５号室,3DK,58.84㎡,南東
【空室1件】 パーク・サイド関,東京メトロ千代田線 根津駅 徒歩8分,ＪＲ山手線 鶯谷駅 徒歩10分,東京都台東区上野桜木１丁目,1987年4月(築36年),3階建,"145,000円","管理費5,000円",14.5万円,14.5万円,無料,303号室,2DK,38.8㎡,南
【空室1件】 ドミール四ツ木,京成押上線 四ツ木駅 徒歩6分,京成押上線 京成立石駅 徒歩15分,東京都葛飾区東四つ木４丁目,1989年3月(築34年),5階建,"123,000円","管理費7,000円",12.3万円,無料,無料,405号室,3DK,52.8㎡,南
【空室1件】 パークアクシス新板橋イースト,ＪＲ埼京線 板橋駅 徒歩9分,都営三田線 新板橋駅 徒歩2分,東京都板橋区板橋４丁目,2007年2月(築16年),14階建,"190,000円","管理費10,000円",19.0万円,無料,無料,1403号室,2LDK,54.99㎡,南
【空室1件】 ルネ・ビバリー２,東急多摩川線 武蔵新田駅 徒歩6分,東急多摩川線 下丸子駅 徒歩6分,東京都大田区下丸子２丁目,1989年12月(築34年),3階建,"87,000円","管理費3,000円",8.7万円,8.7万円,無料,303号室,2DK,39.15㎡,北東
【空室1件】 豊電ビル,ＪＲ山手線 高田馬場駅 徒歩4分,東京メトロ副都心線 西早稲田駅 徒歩7分,東京都新宿区高田馬場,1983年4月(築40年),8階建,"168,000円","管理費5,000円",16.8万円,16.8万円,"88,000円",601号室,3LDK,73.41㎡,南
【空室1件】 ピア・グランデ弐番館,西武池袋線 大泉学園駅 バス12分 西長久保下車 徒歩3分,東京メトロ有楽町線 地下鉄成増駅 バス12分 西長久保下車 徒歩3分,東京都練馬区大泉学園町７丁目,1992年10月(築31年),3階建,"108,500円","管理費6,000円",10.8万円,無料,無料,00311号室,3DK,66.67㎡,-
【空室1件】 コーポクロスティア,東京メトロ千代田線 綾瀬駅 徒歩7分,つくばエクスプレス 青井駅 徒歩12分,東京都足立区綾瀬４丁目,1987年1月(築36年),2階建,"65,000円","管理費2,000円",無料,無料,"71,000円",106号室,2DK,27.13㎡,-
【空室1件】 らいとあっぷ,つくばエクスプレス 青井駅 徒歩12分,,東京都練馬区南大泉３丁目,1997年2月(築26年),2階建,"150,000円",管理費0円,15.0万円,無料,無料,EB号室,3LDK,75.48㎡,-
【空室1件】 シャンポールサカエ,ＪＲ京浜東北・根岸線 東十条駅 徒歩6分,ＪＲ埼京線 十条駅 徒歩12分,東京都北区中十条３丁目,1987年1月(築36年),2階建,"76,000円","管理費3,000円",7.6万円,無料,無料,202号室,2DK,30.92㎡,西
【空室1件】 千石きむらビル,ＪＲ埼京線 十条駅 徒歩12分,,東京都葛飾区亀有,1992年1月(築31年),4階建,"95,000円","管理費4,000円",無料,無料,無料,301号室,2DK,51.1㎡,西
【空室1件】 リメゾン大島,都営新宿線 東大島駅 徒歩5分,都営新宿線 大島駅 徒歩12分,東京都江東区大島,1981年4月(築42年),2階建,"145,000円",管理費0円,21.8万円,14.5万円,"88,000円",1号室,2LDK,41.25㎡,南
【空室1件】 グランドメゾン田町,ＪＲ山手線 田町駅 徒歩10分,新交通ゆりかもめ 芝浦ふ頭駅 徒歩10分,東京都港区芝浦２丁目,1983年1月(築40年),14階建,"195,000円",管理費0円,19.5万円,19.5万円,"88,000円",０５１８号室,2DK,51.41㎡,北西
【空室1件】 大泉学園町五丁目戸建,西武池袋線 大泉学園駅 バス8分 大泉郵便局下車 徒歩9分,西武池袋線 大泉学園駅 徒歩28分,東京都練馬区大泉学園町５丁目,1966年10月(築57年),2階建,"85,000円",管理費0円,8.5万円,無料,無料,1号室,2LDK,46.91㎡,北
【空室2件】 グランセピア日暮里,ＪＲ常磐線 三河島駅 徒歩4分,ＪＲ山手線 日暮里駅 徒歩9分,東京都荒川区東日暮里６丁目,1989年10月(築34年),8階建,"122,000円","管理費14,000円",12.2万円,12.2万円,無料,308号室,2DK,44.2㎡,南
【空室2件】 グランセピア日暮里,ＪＲ常磐線 三河島駅 徒歩4分,ＪＲ山手線 日暮里駅 徒歩9分,東京都荒川区東日暮里６丁目,1989年10月(築34年),8階建,"120,000円","管理費14,000円",12.0万円,12.0万円,無料,702号室,2DK,46.4㎡,東
【空室2件】 ユーコート白山,都営三田線 白山駅 徒歩10分,東京メトロ丸ノ内線 茗荷谷駅 徒歩10分,東京都文京区白山２丁目,1985年2月(築38年),5階建,"195,000円","管理費5,000円",19.5万円,無料,"88,000円",502号室,2LDK,51.91㎡,南
【空室2件】 ユーコート白山,都営三田線 白山駅 徒歩10分,東京メトロ丸ノ内線 茗荷谷駅 徒歩10分,東京都文京区白山２丁目,1985年2月(築38年),5階建,"193,000円","管理費5,000円",19.3万円,無料,"88,000円",203号室,3LDK,64㎡,南
【空室1件】 三園さえぐさマンション,都営三田線 西高島平駅 徒歩5分,東武東上線 成増駅 徒歩25分,東京都板橋区三園１丁目,1991年3月(築32年),4階建,"72,000円","管理費3,000円",7.2万円,無料,無料,401号室,2K,31.3㎡,南
【空室1件】 ライオンズマンション東陽町第３,東京メトロ東西線 東陽町駅 徒歩6分,東京メトロ東西線 南砂町駅 徒歩7分,東京都江東区南砂２丁目,1986年7月(築37年),12階建,"188,000円","管理費10,000円",18.8万円,18.8万円,"88,000円",０９０５号室,3LDK,62.44㎡,南
【空室1件】 足立区島根戸建,東武伊勢崎線 梅島駅 徒歩19分,東京メトロ日比谷線 北千住駅 バス10分 島根町下車 徒歩1分,東京都足立区島根２丁目,1974年4月(築49年),2階建,"119,500円",管理費0円,11.9万円,無料,"88,000円",1号室,2LDK,49.77㎡,北西
【空室1件】 南馬込ハイツ B,都営浅草線 西馬込駅 徒歩10分,都営浅草線 馬込駅 徒歩21分,東京都大田区南馬込６丁目,1987年3月(築36年),2階建,"68,000円",管理費0円,6.8万円,無料,無料,B202号室,2K,29.8㎡,南東
【空室1件】 スカイタウン沼袋,西武新宿線 沼袋駅 徒歩2分,西武新宿線 新井薬師前駅 徒歩13分,東京都中野区沼袋３丁目,1987年11月(築36年),3階建,"112,000円","管理費5,000円",11.2万円,無料,"88,000円",205号室,2DK,39.45㎡,南東
【空室1件】 サンモール鈴木,西武新宿線 新井薬師前駅 徒歩13分,,東京都杉並区和泉４丁目,1988年4月(築35年),6階建,"99,000円","管理費9,000円",9.9万円,9.9万円,無料,502号室,2K,39.6㎡,南
【空室1件】 パレ洗足池,西武新宿線 新井薬師前駅 徒歩13分,,東京都大田区南千束２丁目,1996年5月(築27年),4階建,"142,000円","管理費6,000円",14.2万円,14.2万円,"88,000円",205号室,2LDK,55.11㎡,-
【空室1件】 コーポハーベスト,西武新宿線 新井薬師前駅 徒歩13分,,東京都江戸川区船堀,1997年1月(築26年),3階建,"84,000円","管理費3,000円",8.4万円,無料,無料,203号室,2DK,38.88㎡,南東
【空室1件】 飯村ビル,ＪＲ山手線 田端駅 徒歩10分,日暮里舎人ライナー 赤土小学校前駅 徒歩4分,東京都荒川区東尾久４丁目,1962年1月(築61年),3階建,"70,000円",管理費0円,7.0万円,7.0万円,無料,202号室,2DK,35.47㎡,南
【空室1件】 プロト大岡山Ⅱ,東急大井町線 大岡山駅 徒歩9分,東急目黒線 洗足駅 徒歩11分,東京都目黒区南３丁目,2019年8月(築4年),3階建,"149,000円","管理費15,000円",無料,無料,無料,203号室,2K,41.23㎡,北東
【空室1件】 Ｔ’ｓ　ｇａｒｄｅｎ西小山,東急目黒線 西小山駅 徒歩5分,東急目黒線 武蔵小山駅 徒歩9分,東京都目黒区目黒本町５丁目,2013年8月(築10年),4階建,"153,000円","管理費5,000円",15.3万円,15.3万円,無料,304号室,2DK,40.12㎡,西
【空室1件】 グリーンハイム平成,東急目黒線 武蔵小山駅 徒歩9分,,東京都足立区千住緑町２丁目,1989年7月(築34年),5階建,"89,000円","管理費14,000円",8.9万円,8.9万円,無料,204号室,2LDK,46.6㎡,東
【空室1件】 南大塚戸建,東京メトロ丸ノ内線 新大塚駅 徒歩8分,ＪＲ山手線 大塚駅 徒歩13分,東京都豊島区南大塚１丁目,1978年1月(築45年),2階建,"190,000円",管理費0円,19.0万円,19.0万円,無料,0号室,2LDK,80.59㎡,南
【空室1件】 ステイツ青戸,ＪＲ山手線 大塚駅 徒歩13分,,東京都葛飾区青戸３丁目,1988年6月(築35年),10階建,"75,000円","管理費3,000円",7.5万円,無料,無料,703号室,2K,39㎡,北西
【空室1件】 西ヶ原戸建,ＪＲ山手線 駒込駅 徒歩6分,ＪＲ京浜東北・根岸線 上中里駅 徒歩10分,東京都北区西ケ原１丁目,2000年1月(築23年),2階建,"157,000円",管理費0円,15.7万円,15.7万円,"88,000円",A号室,2LDK,57.96㎡,南西
【空室1件】 ノースヒルズ平和台,東京メトロ有楽町線 平和台駅 徒歩5分,東京メトロ副都心線 地下鉄赤塚駅 徒歩14分,東京都練馬区北町７丁目,1993年4月(築30年),3階建,"90,000円",管理費0円,9.0万円,9.0万円,無料,201号室,2DK,40㎡,東
【空室1件】 フジマンション,東京メトロ東西線 落合駅 徒歩7分,都営大江戸線 中井駅 徒歩7分,東京都新宿区上落合３丁目,2007年5月(築16年),3階建,"100,000円","管理費5,000円",10.0万円,無料,"33,000円",103号室,2K,35㎡,北
【空室1件】 足立区六町１丁目戸建５,つくばエクスプレス 六町駅 徒歩5分,東京メトロ千代田線 北綾瀬駅 徒歩17分,東京都足立区六町１丁目,2022年5月(築1年),2階建,"190,000円",管理費0円,19.0万円,9.5万円,"88,000円",1号室,3LDK,86.53㎡,南
【空室1件】 メゾン美羅樹ＩＩ,東京メトロ丸ノ内線 新高円寺駅 徒歩5分,ＪＲ中央本線 高円寺駅 徒歩15分,東京都杉並区梅里１丁目,1991年5月(築32年),3階建,"125,000円","管理費8,000円",12.5万円,12.5万円,"20,000円",102号室,2DK,44.72㎡,南
【空室1件】 グリーンアレイ,東京メトロ丸ノ内線 新中野駅 徒歩5分,東京メトロ丸ノ内線 中野新橋駅 徒歩7分,東京都中野区本町４丁目,2007年11月(築16年),3階建,"124,000円","管理費5,000円",24.8万円,無料,"88,000円",003号室,2K,40.55㎡,南
【空室1件】 リバーサイド小泉,日暮里舎人ライナー 足立小台駅 徒歩10分,都電荒川線 小台駅 徒歩7分,東京都足立区小台２丁目,1989年5月(築34年),4階建,"75,000円","管理費2,000円",7.5万円,7.5万円,無料,301号室,2K,35.23㎡,東
【空室1件】 ミリアレジデンス早稲田山吹町,東京メトロ有楽町線 江戸川橋駅 徒歩6分,東京メトロ東西線 早稲田駅 徒歩13分,東京都新宿区山吹町,2017年2月(築6年),5階建,"180,000円","管理費10,000円",無料,無料,無料,102号室,2DK,46.08㎡,南
【空室1件】 シャトレー富士,京王線 代田橋駅 徒歩3分,京王線 笹塚駅 徒歩9分,東京都世田谷区大原２丁目,1985年1月(築38年),3階建,"99,000円","管理費4,000円",9.9万円,9.9万円,無料,103号室,2DK,35.64㎡,南西
【空室1件】 メゾンハギワラ,西武新宿線 野方駅 徒歩10分,ＪＲ総武線 高円寺駅 徒歩13分,東京都中野区野方２丁目,2001年3月(築22年),7階建,"86,000円","管理費4,000円",8.6万円,8.6万円,無料,305号室,2K,26㎡,東
【空室1件】 ジョイ深沢,東急大井町線 等々力駅 徒歩14分,東急田園都市線 駒沢大学駅 バス12分 園芸高校前下車 徒歩2分,東京都世田谷区深沢５丁目,1991年2月(築32年),2階建,"86,000円","管理費3,000円",8.6万円,無料,無料,101号室,2K,37.26㎡,南東
【空室1件】 リバーピアカネコ,京成本線 江戸川駅 徒歩3分,ＪＲ総武線 小岩駅 徒歩22分,東京都江戸川区北小岩３丁目,1996年11月(築27年),3階建,"73,000円","管理費4,000円",無料,無料,仲介手数料 ,102号室,2DK,45.64㎡,-
【空室1件】 メゾンアルモニー,都営新宿線 篠崎駅 バス6分 鹿骨下車 徒歩4分,ＪＲ総武線 小岩駅 徒歩31分,東京都江戸川区鹿骨５丁目,2003年4月(築20年),3階建,"90,000円","管理費3,000円",9.0万円,無料,"9,000円",303号室,2DK,49.9㎡,西
【空室1件】 アーベンライフ中葛西,ＪＲ総武線 小岩駅 徒歩31分,,東京都江戸川区中葛西,1987年3月(築36年),4階建,"90,000円","管理費5,000円",9.0万円,無料,無料,301号室,2DK,42.52㎡,南西
【空室1件】 ルミエール綾瀬,東京メトロ千代田線 綾瀬駅 徒歩3分,つくばエクスプレス 青井駅 徒歩20分,東京都足立区綾瀬３丁目,1991年6月(築32年),6階建,"100,000円","管理費5,000円",無料,無料,"88,000円",606号室,2DK,42.02㎡,東
【空室1件】 タウンハウスアサベール,ＪＲ中央線 阿佐ヶ谷駅 徒歩10分,東京メトロ丸ノ内線 南阿佐ヶ谷駅 徒歩7分,東京都杉並区阿佐谷南１丁目,1987年12月(築36年),2階建,"110,000円",管理費0円,11.0万円,11.0万円,無料,103号室,2DK,35.6㎡,南東
【空室1件】 ベルハウス,都営浅草線 中延駅 徒歩3分,東急大井町線 戸越公園駅 徒歩7分,東京都品川区豊町６丁目,1979年11月(築44年),2階建,"98,000円","管理費2,000円",9.8万円,9.8万円,無料,201号室,2DK,36㎡,南
【空室1件】 ＫＤＸレジデンス上北沢,京王線 上北沢駅 徒歩6分,京王線 八幡山駅 徒歩7分,東京都世田谷区上北沢４丁目,2002年2月(築21年),10階建,"160,000円","管理費10,000円",16.0万円,16.0万円,無料,0601号室,2LDK,50.53㎡,南
【空室1件】 モアステージ赤羽,ＪＲ埼京線 北赤羽駅 徒歩5分,東京メトロ南北線 赤羽岩淵駅 徒歩13分,東京都北区赤羽北１丁目,1997年4月(築26年),10階建,"149,000円","管理費10,000円",14.9万円,29.8万円,無料,0302号室,3LDK,60㎡,南
【空室1件】 東矢口APARTMENT,東急池上線 蓮沼駅 徒歩6分,東急池上線 池上駅 徒歩9分,東京都大田区東矢口１丁目,1979年12月(築44年),2階建,"115,000円",管理費0円,11.5万円,無料,"88,000円",201号室,2DK,41.31㎡,南西
【空室1件】 Weave Place Monzennakacho,東京メトロ東西線 門前仲町駅 徒歩6分,都営大江戸線 門前仲町駅 徒歩6分,東京都江東区深川２丁目,2023年3月(新築),9階建,"142,000円","管理費12,000円",無料,無料,無料,00203号室,2K,31.67㎡,西
【空室1件】 コーポつくば,東京メトロ千代田線 綾瀬駅 徒歩10分,つくばエクスプレス 青井駅 徒歩24分,東京都足立区東綾瀬１丁目,1987年1月(築36年),2階建,"54,000円",管理費0円,無料,無料,"44,000円",201号室,2K,28.98㎡,西
【空室1件】 ホームズ山王,ＪＲ京浜東北・根岸線 大森駅 徒歩5分,京急本線 大森海岸駅 徒歩13分,東京都大田区山王３丁目,1986年4月(築37年),5階建,"125,000円",管理費0円,25.0万円,無料,"88,000円",306号室,2DK,44.75㎡,-
【空室1件】 レクセル五反野,東武伊勢崎線 五反野駅 徒歩6分,つくばエクスプレス 青井駅 徒歩27分,東京都足立区足立４丁目,1994年2月(築29年),8階建,"115,000円",管理費0円,11.5万円,11.5万円,"88,000円",０１０４号室,3DK,51.83㎡,南
【空室1件】 テック上落合,西武新宿線 下落合駅 徒歩3分,東京メトロ東西線 落合駅 徒歩8分,東京都新宿区上落合１丁目,1990年7月(築33年),5階建,"115,000円","管理費5,000円",11.5万円,11.5万円,無料,201号室,2K,39.22㎡,南
【空室1件】 ライオンズステーションプラザ大山,東京メトロ東西線 落合駅 徒歩8分,,東京都板橋区大山町,1997年3月(築26年),13階建,"138,000円","管理費10,000円",13.8万円,13.8万円,"88,000円",１１０６号室,2DK,45.8㎡,東
【空室1件】 YTアベニュー,都営三田線 志村三丁目駅 徒歩6分,都営三田線 本蓮沼駅 徒歩7分,東京都板橋区志村１丁目,1966年1月(築57年),2階建,"140,000円",管理費0円,14.0万円,28.0万円,"11,000円",101号室,3LDK,75㎡,-
【空室1件】 ライオンズマンション日暮里駅前,ＪＲ山手線 日暮里駅 徒歩2分,ＪＲ山手線 鶯谷駅 徒歩11分,東京都荒川区東日暮里５丁目,1983年12月(築40年),11階建,"168,000円",管理費0円,16.8万円,16.8万円,"88,000円",０４０５号室,3DK,55.39㎡,南西
【空室1件】 ＳＹＦＯＲＭＥ亀戸,ＪＲ総武線 亀戸駅 徒歩5分,東武亀戸線 亀戸駅 徒歩5分,東京都江東区亀戸６丁目,2022年3月(築1年),14階建,"106,000円","管理費10,000円",無料,無料,無料,00801号室,2K,25.4㎡,南
【空室1件】 East Wing,日暮里舎人ライナー 赤土小学校前駅 徒歩1分,都電荒川線 熊野前駅 徒歩10分,東京都荒川区東尾久２丁目,1997年6月(築26年),9階建,"135,000円","管理費8,000円",13.5万円,13.5万円,無料,501号室,3SDK,59.07㎡,南西
【空室1件】 ビエラコート綾瀬,都電荒川線 熊野前駅 徒歩10分,,東京都足立区綾瀬３丁目,1991年12月(築32年),6階建,"141,000円","管理費12,000円",14.1万円,14.1万円,無料,０５０１号室,3LDK,77.26㎡,東
【空室1件】 ヴィラージュ南台Ⅱ,京王線 笹塚駅 徒歩10分,東京メトロ丸ノ内線 方南町駅 徒歩13分,東京都中野区南台４丁目,1988年9月(築35年),2階建,"82,000円",管理費0円,8.2万円,無料,"88,000円",101号室,2DK,40㎡,南
【空室1件】 千草荘,東京メトロ丸ノ内線 方南町駅 徒歩13分,,東京都足立区柳原,1975年4月(築48年),2階建,"70,000円","管理費3,000円",無料,無料,無料,201号室,2K,34.9㎡,南
【空室2件】 サンロイヤル,東京メトロ千代田線 綾瀬駅 徒歩8分,つくばエクスプレス 青井駅 徒歩20分,東京都足立区綾瀬３丁目,1977年3月(築46年),3階建,"69,000円","管理費3,000円",無料,無料,"70,000円",202号室,2K,23.12㎡,南
【空室2件】 サンロイヤル,東京メトロ千代田線 綾瀬駅 徒歩8分,つくばエクスプレス 青井駅 徒歩20分,東京都足立区綾瀬３丁目,1977年3月(築46年),3階建,"69,000円","管理費3,000円",無料,無料,"70,000円",105号室,2K,23.12㎡,南
【空室1件】 マンションストーンミル・石森ビル,東京メトロ丸ノ内線 中野坂上駅 徒歩2分,都営大江戸線 中野坂上駅 徒歩2分,東京都中野区本町１丁目,1982年1月(築41年),11階建,"125,000円","管理費11,250円",25.0万円,12.5万円,"88,000円",707号室,2DK,51.54㎡,南
【空室1件】 マルチプレックスＸ,西武新宿線 沼袋駅 徒歩8分,ＪＲ中央線 中野駅 徒歩24分,東京都中野区沼袋２丁目,2006年9月(築17年),3階建,"96,000円","管理費4,000円",無料,無料,無料,C3号室,2K,32.29㎡,西
【空室1件】 イーハトーヴ・ムトー,ＪＲ京浜東北・根岸線 東十条駅 徒歩4分,ＪＲ埼京線 十条駅 徒歩10分,東京都北区東十条,1989年7月(築34年),6階建,"116,000円","管理費7,000円",11.6万円,11.6万円,無料,202号室,2LDK,46.62㎡,北東
【空室1件】 綾瀬5丁目　メゾネットマンション,ＪＲ常磐線 綾瀬駅 徒歩8分,つくばエクスプレス 青井駅 徒歩15分,東京都足立区綾瀬５丁目,1994年7月(築29年),5階建,"150,000円","管理費10,000円",15.0万円,15.0万円,"47,000円",4階・5階号室,4LDK,92.78㎡,南
【空室2件】 サンローゼ津田第１,東京メトロ丸ノ内線 中野新橋駅 徒歩5分,東京メトロ丸ノ内線 新中野駅 徒歩8分,東京都中野区本町５丁目,1989年3月(築34年),5階建,"125,000円","管理費8,000円",12.5万円,12.5万円,"20,000円",301号室,2DK,40.5㎡,南
【空室2件】 サンローゼ津田第１,東京メトロ丸ノ内線 中野新橋駅 徒歩5分,東京メトロ丸ノ内線 新中野駅 徒歩8分,東京都中野区本町５丁目,1989年3月(築34年),5階建,"113,000円","管理費7,000円",11.3万円,11.3万円,"88,000円",105号室,2DK,40.5㎡,南
【空室1件】 ルミネケー,東急池上線 長原駅 徒歩4分,東急池上線 洗足池駅 徒歩7分,東京都大田区上池台１丁目,1990年8月(築33年),2階建,"115,000円",管理費0円,11.5万円,11.5万円,無料,202号室,2DK,42㎡,南東
【空室1件】 エミリブ練馬,西武池袋線 練馬駅 徒歩4分,都営大江戸線 練馬駅 徒歩4分,東京都練馬区豊玉北５丁目,2015年2月(築8年),14階建,"173,000円","管理費12,000円",17.3万円,17.3万円,無料,0707号室,2LDK,50.91㎡,南
【空室1件】 ライオンズプラザ池袋,ＪＲ山手線 池袋駅 徒歩10分,東京メトロ有楽町線 東池袋駅 徒歩3分,東京都豊島区東池袋４丁目,1982年2月(築41年),14階建,"115,000円","管理費5,000円",11.5万円,11.5万円,"88,000円",０３０４号室,2K,37.64㎡,南西
【空室12件】 nido南千住,ＪＲ常磐線 南千住駅 徒歩7分,東京メトロ日比谷線 南千住駅 徒歩8分,東京都荒川区南千住７丁目,2024年2月(新築),15階建,"154,000円","管理費20,000円",無料,無料,無料,0201号室,2LDK,45.06㎡,北東
【空室12件】 nido南千住,ＪＲ常磐線 南千住駅 徒歩7分,東京メトロ日比谷線 南千住駅 徒歩8分,東京都荒川区南千住７丁目,2024年2月(新築),15階建,"158,000円","管理費20,000円",無料,無料,無料,0401号室,2LDK,45.06㎡,北東
【空室12件】 nido南千住,ＪＲ常磐線 南千住駅 徒歩7分,東京メトロ日比谷線 南千住駅 徒歩8分,東京都荒川区南千住７丁目,2024年2月(新築),15階建,"179,000円","管理費20,000円",無料,無料,無料,0404号室,2LDK,49.27㎡,南西
【空室1件】 水穂マンション,東京メトロ日比谷線 南千住駅 徒歩8分,,東京都杉並区松庵３丁目,1991年3月(築32年),3階建,"114,000円","管理費6,000円",11.4万円,11.4万円,"88,000円",301号室,2K,29.25㎡,南東
【空室1件】 プレステージ光ケ丘公園,東京メトロ有楽町線 地下鉄赤塚駅 徒歩6分,東京メトロ副都心線 地下鉄赤塚駅 徒歩6分,東京都板橋区赤塚新町２丁目,1992年6月(築31年),3階建,"93,000円","管理費3,000円",9.3万円,無料,"88,000円",101号室,2DK,43.2㎡,南
【空室1件】 インペリアルハイツ,都電荒川線 西ヶ原四丁目駅 徒歩2分,都営三田線 西巣鴨駅 徒歩6分,東京都北区西ケ原４丁目,1989年8月(築34年),6階建,"96,000円","管理費7,000円",9.6万円,9.6万円,"36,000円",401号室,2DK,38.44㎡,南東
【空室1件】 クレールメゾン左門町,都営三田線 西巣鴨駅 徒歩6分,,東京都新宿区左門町,1987年9月(築36年),4階建,"175,000円",管理費0円,17.5万円,17.5万円,"88,000円",202号室,2LDK,46.24㎡,南
【空室1件】 Ｂｒｉｌｌｉａ　ｉｓｔ　文京茗荷谷,都営三田線 西巣鴨駅 徒歩6分,,東京都文京区小日向４丁目,2019年3月(築4年),6階建,"184,000円","管理費15,000円",18.4万円,無料,無料,401号室,2DK,41.86㎡,西
【空室1件】 桂ハウス B棟,京王井の頭線 永福町駅 徒歩6分,京王井の頭線 西永福駅 徒歩7分,東京都杉並区永福２丁目,1986年3月(築37年),2階建,"180,000円",管理費0円,18.0万円,18.0万円,"88,000円",B2号室,2LDK,70.4㎡,南
【空室1件】 ジェノヴィア南千住Ⅲスカイガーデン,ＪＲ常磐線 南千住駅 徒歩9分,東京メトロ日比谷線 南千住駅 徒歩13分,東京都台東区清川２丁目,2022年1月(築1年),12階建,"141,000円","管理費15,000円",無料,無料,無料,00404号室,2LDK,41.08㎡,北
【空室1件】 世田谷区上馬１丁目戸建,東急田園都市線 三軒茶屋駅 徒歩9分,東急田園都市線 駒沢大学駅 徒歩15分,東京都世田谷区上馬１丁目,2014年5月(築9年),3階建,"190,000円",管理費0円,19.0万円,19.0万円,"88,000円",1号室,2SLDK,61.86㎡,北
【空室1件】 ユリシーズ浜田山,京王井の頭線 浜田山駅 徒歩8分,京王井の頭線 西永福駅 徒歩10分,東京都杉並区浜田山４丁目,1990年9月(築33年),6階建,"131,000円","管理費8,000円",13.1万円,13.1万円,"88,000円",201号室,2LDK,60.4㎡,南
【空室1件】 クレール羽田,京急空港線 大鳥居駅 徒歩10分,京急空港線 糀谷駅 徒歩16分,東京都大田区西糀谷２丁目,2001年3月(築22年),9階建,"89,000円","管理費3,000円",8.9万円,8.9万円,"40,000円",0403号室,2K,30.69㎡,西
【空室1件】 ラグーナ東池袋,京急空港線 糀谷駅 徒歩16分,,東京都豊島区東池袋２丁目,1997年12月(築26年),12階建,"182,000円","管理費6,000円",18.2万円,21.8万円,"88,000円",403号室,2LDK,66.83㎡,西
【空室2件】 板橋本町グリーンパーク,都営三田線 板橋本町駅 徒歩9分,都営三田線 板橋区役所前駅 徒歩13分,東京都板橋区本町,1986年6月(築37年),5階建,"104,000円","管理費8,000円",10.4万円,5.2万円,無料,305号室,2DK,43.37㎡,北東
【空室2件】 板橋本町グリーンパーク,都営三田線 板橋本町駅 徒歩9分,都営三田線 板橋区役所前駅 徒歩13分,東京都板橋区本町,1986年6月(築37年),5階建,"104,000円","管理費8,000円",10.4万円,10.4万円,無料,306号室,2DK,43.2㎡,北東
【空室37件】 SYFORME OJIⅡ,ＪＲ京浜東北・根岸線 王子駅 徒歩9分,東京メトロ南北線 王子駅 徒歩6分,東京都北区豊島１丁目,2023年11月(新築),14階建,"106,000円","管理費10,000円",無料,無料,無料,704号室,2K,25.62㎡,南西
【空室37件】 SYFORME OJIⅡ,ＪＲ京浜東北・根岸線 王子駅 徒歩9分,東京メトロ南北線 王子駅 徒歩6分,東京都北区豊島１丁目,2023年11月(新築),14階建,"105,000円","管理費10,000円",無料,無料,無料,703号室,2K,25.62㎡,南西
【空室37件】 SYFORME OJIⅡ,ＪＲ京浜東北・根岸線 王子駅 徒歩9分,東京メトロ南北線 王子駅 徒歩6分,東京都北区豊島１丁目,2023年11月(新築),14階建,"108,000円","管理費10,000円",無料,無料,無料,1302号室,2K,25.62㎡,南西
【空室1件】 小田ビル,ＪＲ常磐線 綾瀬駅 徒歩11分,つくばエクスプレス 青井駅 徒歩10分,東京都足立区綾瀬６丁目,1996年9月(築27年),4階建,"75,000円",管理費0円,7.5万円,無料,"47,000円",201号室,2K,36.4㎡,南
【空室1件】 メゾン石渡,東急池上線 蓮沼駅 徒歩6分,東急多摩川線 矢口渡駅 徒歩13分,東京都大田区東矢口１丁目,1989年5月(築34年),2階建,"82,000円",管理費0円,無料,8.2万円,無料,102号室,2DK,33.05㎡,南
【空室1件】 アーバンコート,ＪＲ中央線 中野駅 徒歩7分,東京メトロ東西線 中野駅 徒歩5分,東京都中野区中野３丁目,1989年4月(築34年),3階建,"140,000円","管理費4,000円",14.0万円,14.0万円,"88,000円",202号室,2DK,43.72㎡,西
【空室1件】 第二ソイビーンハウス,東京メトロ丸ノ内線 中野新橋駅 徒歩4分,東京メトロ丸ノ内線 新中野駅 徒歩7分,東京都中野区本町３丁目,1967年1月(築56年),5階建,"103,000円","管理費2,000円",10.3万円,10.3万円,"88,000円",504号室,2LDK,58㎡,東
【空室3件】 グランピエール,京急空港線 糀谷駅 徒歩9分,京急空港線 大鳥居駅 徒歩18分,東京都大田区本羽田２丁目,1993年3月(築30年),6階建,"160,000円","管理費10,000円",16.0万円,16.0万円,"88,000円",505号室,2LDK,56.07㎡,南
【空室3件】 グランピエール,京急空港線 糀谷駅 徒歩9分,京急空港線 大鳥居駅 徒歩18分,東京都大田区本羽田２丁目,1993年3月(築30年),6階建,"160,000円","管理費10,000円",16.0万円,16.0万円,"88,000円",407号室,2LDK,56.07㎡,南
【空室3件】 グランピエール,京急空港線 糀谷駅 徒歩9分,京急空港線 大鳥居駅 徒歩18分,東京都大田区本羽田２丁目,1993年3月(築30年),6階建,"160,000円","管理費10,000円",16.0万円,16.0万円,"88,000円",305号室,2LDK,56.07㎡,南
【空室1件】 エクセレント小林,東京メトロ丸ノ内線 中野新橋駅 徒歩7分,都営大江戸線 西新宿五丁目駅 徒歩10分,東京都中野区弥生町１丁目,1990年6月(築33年),5階建,"120,000円","管理費5,000円",12.0万円,12.0万円,"88,000円",201号室,2DK,42㎡,南
【空室1件】 アリカ曳舟,京成押上線 京成曳舟駅 徒歩2分,東武伊勢崎線 曳舟駅 徒歩8分,東京都墨田区八広１丁目,2021年3月(築2年),8階建,"122,000円","管理費10,000円",12.2万円,無料,無料,501号室,2K,35.2㎡,南西
【空室1件】 セキネハイツ,京王井の頭線 永福町駅 徒歩10分,東京メトロ丸ノ内線 方南町駅 徒歩13分,東京都杉並区和泉２丁目,1974年3月(築49年),2階建,"68,000円","管理費2,000円",6.8万円,6.8万円,無料,103号室,2K,28.45㎡,東
【空室2件】 メゾンドール,小田急小田原線 祖師ヶ谷大蔵駅 徒歩14分,小田急小田原線 成城学園前駅 バス11分 日大商学部前下車 徒歩2分,東京都世田谷区砧５丁目,1984年3月(築39年),6階建,"168,000円","管理費9,000円",16.8万円,16.8万円,"88,000円",401号室,2LDK,61.6㎡,南
【空室2件】 メゾンドール,小田急小田原線 祖師ヶ谷大蔵駅 徒歩14分,小田急小田原線 成城学園前駅 バス11分 日大商学部前下車 徒歩2分,東京都世田谷区砧５丁目,1984年3月(築39年),6階建,"166,000円","管理費9,000円",16.6万円,16.6万円,"88,000円",302号室,3DK,61.6㎡,南
【空室2件】 ザ・クレスト,東京メトロ南北線 赤羽岩淵駅 徒歩7分,ＪＲ埼京線 赤羽駅 徒歩15分,東京都北区岩淵町,1990年9月(築33年),8階建,"145,000円","管理費10,000円",14.5万円,14.5万円,"88,000円",703号室,3LDK,67.53㎡,南西
【空室2件】 ザ・クレスト,東京メトロ南北線 赤羽岩淵駅 徒歩7分,ＪＲ埼京線 赤羽駅 徒歩15分,東京都北区岩淵町,1990年9月(築33年),8階建,"142,000円","管理費10,000円",14.2万円,14.2万円,"88,000円",304号室,3LDK,64.25㎡,南西
【空室1件】 バウスステージ練馬豊玉,都営大江戸線 練馬駅 徒歩8分,西武池袋線 練馬駅 徒歩9分,東京都練馬区豊玉中３丁目,2024年1月(新築),5階建,"171,000円","管理費20,000円",17.1万円,無料,"88,000円",103号室,2LDK,46.81㎡,南
【空室1件】 タウンハウス池上,都営浅草線 西馬込駅 徒歩7分,東急池上線 池上駅 徒歩15分,東京都大田区仲池上２丁目,1972年5月(築51年),3階建,"120,000円",管理費0円,12.0万円,無料,無料,3F号室,2LDK,48.86㎡,南
【空室1件】 エレガンスヤヨイＡ,東京メトロ丸ノ内線 中野新橋駅 徒歩8分,都営大江戸線 西新宿五丁目駅 徒歩8分,東京都中野区弥生町１丁目,1992年6月(築31年),4階建,"100,000円","管理費3,000円",無料,10.0万円,"33,000円",301号室,2K,40㎡,南東
【空室1件】 ＧＲＡＮ　ＰＡＳＥＯ舎人,日暮里舎人ライナー 舎人駅 徒歩2分,日暮里舎人ライナー 舎人公園駅 徒歩13分,東京都足立区舎人１丁目,2021年10月(築2年),5階建,"76,000円","管理費10,000円",無料,無料,無料,0305号室,2K,26.07㎡,西
【空室1件】 パークグレース新宿,都営大江戸線 都庁前駅 徒歩7分,ＪＲ山手線 新宿駅 徒歩16分,東京都新宿区西新宿４丁目,1979年3月(築44年),14階建,"161,000円","管理費15,000円",16.1万円,無料,無料,1305号室,2LDK,53.07㎡,東
【空室1件】 一の坂ハイツ,西武新宿線 中井駅 徒歩5分,都営大江戸線 落合南長崎駅 徒歩10分,東京都新宿区中井２丁目,1984年3月(築39年),2階建,"124,000円","管理費3,000円",12.4万円,無料,"88,000円",205号室,2DK,43.72㎡,南
【空室1件】 コスモパレス,小田急小田原線 喜多見駅 徒歩5分,小田急小田原線 成城学園前駅 徒歩13分,東京都世田谷区喜多見,1989年6月(築34年),4階建,"137,000円","管理費8,000円",13.7万円,13.7万円,"13,000円",205号室,2LDK,65.08㎡,南西
【空室1件】 メゾン・ド・フリハタ,西武新宿線 野方駅 徒歩8分,西武新宿線 都立家政駅 徒歩13分,東京都中野区丸山２丁目,1974年1月(築49年),3階建,"130,000円",管理費0円,13.0万円,無料,無料,301号室,2LDK,80㎡,南
【空室1件】 サンローゼ津田第３,東京メトロ丸ノ内線 中野新橋駅 徒歩5分,東京メトロ丸ノ内線 新中野駅 徒歩8分,東京都中野区本町５丁目,1997年2月(築26年),5階建,"122,000円","管理費8,000円",12.2万円,12.2万円,"88,000円",302号室,2DK,39.7㎡,南
【空室1件】 アミティー烏山,京王線 千歳烏山駅 徒歩6分,京王線 芦花公園駅 徒歩9分,東京都世田谷区南烏山４丁目,1990年3月(築33年),4階建,"123,000円","管理費5,000円",12.3万円,無料,無料,205号室,2DK,46.42㎡,-
【空室1件】 有賀ビル,東京メトロ丸ノ内線 茗荷谷駅 徒歩9分,都営三田線 千石駅 徒歩10分,東京都文京区大塚３丁目,1972年3月(築51年),5階建,"80,000円",管理費0円,8.0万円,無料,仲介手数料 ,404号室,2K,31.16㎡,南東
【空室1件】 城西天沼コーポ,ＪＲ中央線 荻窪駅 徒歩9分,ＪＲ総武線 荻窪駅 徒歩9分,東京都杉並区天沼３丁目,1980年3月(築43年),2階建,"73,000円","管理費1,500円",7.3万円,7.3万円,"48,000円",205号室,2K,33.4㎡,北
【空室3件】 ＡＲＫＭＡＲＫ巣鴨ｓｔａ．,ＪＲ山手線 巣鴨駅 徒歩2分,都営三田線 巣鴨駅 徒歩2分,東京都豊島区巣鴨１丁目,2020年12月(築3年),12階建,"120,000円","管理費12,000円",無料,12.0万円,無料,00802号室,2K,25.7㎡,北西
【空室3件】 ＡＲＫＭＡＲＫ巣鴨ｓｔａ．,ＪＲ山手線 巣鴨駅 徒歩2分,都営三田線 巣鴨駅 徒歩2分,東京都豊島区巣鴨１丁目,2020年12月(築3年),12階建,"119,000円","管理費12,000円",無料,11.9万円,無料,00602号室,2K,25.7㎡,北西
【空室3件】 ＡＲＫＭＡＲＫ巣鴨ｓｔａ．,ＪＲ山手線 巣鴨駅 徒歩2分,都営三田線 巣鴨駅 徒歩2分,東京都豊島区巣鴨１丁目,2020年12月(築3年),12階建,"117,500円","管理費12,000円",無料,11.8万円,無料,00401号室,2K,26.01㎡,北西
【空室1件】 グレースハイム,ＪＲ京浜東北・根岸線 赤羽駅 徒歩7分,ＪＲ埼京線 赤羽駅 徒歩7分,東京都北区赤羽１丁目,1988年7月(築35年),4階建,"105,000円","管理費3,000円",10.5万円,10.5万円,"88,000円",203号室,2K,31.35㎡,南西
【空室1件】 フォルム３３,ＪＲ山手線 日暮里駅 徒歩16分,東京メトロ日比谷線 三ノ輪駅 徒歩9分,東京都荒川区東日暮里２丁目,1988年4月(築35年),5階建,"85,000円","管理費10,000円",8.5万円,無料,無料,0401号室,2DK,37.9㎡,西
【空室1件】 升本マンション,東京メトロ有楽町線 江戸川橋駅 徒歩9分,東京メトロ丸ノ内線 茗荷谷駅 徒歩11分,東京都文京区水道１丁目,1971年2月(築52年),9階建,"137,500円","管理費12,500円",13.8万円,無料,無料,903号室,2LDK,61.73㎡,南西
【空室1件】 フレシア経堂,東京メトロ丸ノ内線 茗荷谷駅 徒歩11分,,東京都世田谷区経堂２丁目,2021年12月(築2年),4階建,"105,000円","管理費10,000円",10.5万円,10.5万円,無料,107号室,2K,25.46㎡,南西
【空室1件】 ＣＩＴＹ　ＳＰＩＲＥ　両国,ＪＲ総武線 両国駅 徒歩4分,都営大江戸線 両国駅 徒歩7分,東京都墨田区両国２丁目,2007年11月(築16年),13階建,"150,000円","管理費10,000円",無料,無料,無料,0401号室,2K,37.2㎡,東
【空室1件】 パヴィヨン・ブラン,東武伊勢崎線 梅島駅 徒歩5分,東武大師線 西新井駅 徒歩16分,東京都足立区梅田７丁目,1989年8月(築34年),5階建,"85,000円",管理費0円,8.5万円,8.5万円,"88,000円",205号室,2K,38.01㎡,東
【空室1件】 ミール千歳烏山,東武大師線 西新井駅 徒歩16分,,東京都世田谷区南烏山６丁目,1991年1月(築32年),9階建,"148,000円","管理費5,000円",14.8万円,無料,無料,0501号室,2DK,46.2㎡,西
【空室1件】 ＳＫレジデンス,ＪＲ山手線 大塚駅 徒歩4分,東京メトロ丸ノ内線 新大塚駅 徒歩5分,東京都豊島区南大塚３丁目,1990年2月(築33年),9階建,"154,000円","管理費8,000円",15.4万円,15.4万円,無料,504号室,2DK,47.35㎡,南東
【空室2件】 シティコープ柏木,東京メトロ丸ノ内線 新大塚駅 徒歩5分,,東京都新宿区北新宿２丁目,1986年5月(築37年),5階建,"183,000円","管理費10,000円",18.3万円,18.3万円,"88,000円",105号室,2LDK,69.99㎡,南
【空室2件】 シティコープ柏木,東京メトロ丸ノ内線 新大塚駅 徒歩5分,,東京都新宿区北新宿２丁目,1986年5月(築37年),5階建,"175,000円","管理費10,000円",17.5万円,17.5万円,"88,000円",102号室,2SLDK,67.99㎡,南
【空室1件】 要町ガーデンハイツ,東京メトロ有楽町線 要町駅 徒歩6分,東京メトロ副都心線 要町駅 徒歩6分,東京都豊島区要町１丁目,1992年3月(築31年),5階建,"178,000円","管理費10,000円",17.8万円,21.4万円,"88,000円",301号室,2LDK,59.85㎡,西
【空室1件】 北川ハイツ,東京メトロ丸ノ内線 西新宿駅 徒歩10分,ＪＲ山手線 新宿駅 徒歩15分,東京都新宿区北新宿１丁目,1980年7月(築43年),2階建,"160,000円",管理費0円,16.0万円,16.0万円,"88,000円",100号室,3DK,57㎡,南
【空室1件】 ぺアシティハウス竹の塚,東武伊勢崎線 竹ノ塚駅 徒歩7分,東武伊勢崎線 西新井駅 徒歩22分,東京都足立区竹の塚１丁目,1982年1月(築41年),6階建,"71,000円","管理費7,000円",7.1万円,無料,無料,203号室,2DK,46.84㎡,南
【空室1件】 パティオ・山の手,東京メトロ副都心線 雑司が谷駅 徒歩7分,東京メトロ有楽町線 東池袋駅 徒歩7分,東京都豊島区雑司が谷,1997年3月(築26年),5階建,"135,000円","管理費7,000円",13.5万円,13.5万円,"88,000円",301号室,2DK,45.36㎡,南
【空室1件】 LANAI J GRANDE,東武伊勢崎線 五反野駅 徒歩6分,東武伊勢崎線 小菅駅 徒歩8分,東京都足立区足立,2001年5月(築22年),4階建,"126,000円","管理費20,000円",12.6万円,12.6万円,"88,000円",307号室,3DK,55.8㎡,南
【空室1件】 下落合ハウス,西武新宿線 下落合駅 徒歩2分,ＪＲ山手線 高田馬場駅 徒歩12分,東京都新宿区下落合１丁目,1984年1月(築39年),10階建,"145,000円","管理費5,000円",14.5万円,14.5万円,無料,101号室,2DK,43.52㎡,北
【空室2件】 ラフォーレ町屋Ⅱ,東京メトロ千代田線 町屋駅 徒歩6分,都電荒川線 町屋二丁目駅 徒歩2分,東京都荒川区荒川６丁目,1994年10月(築29年),3階建,"80,000円",管理費0円,8.0万円,8.0万円,無料,205号室,2K,31.59㎡,南東
【空室2件】 ラフォーレ町屋Ⅱ,東京メトロ千代田線 町屋駅 徒歩6分,都電荒川線 町屋二丁目駅 徒歩2分,東京都荒川区荒川６丁目,1994年10月(築29年),3階建,"100,000円",管理費0円,10.0万円,10.0万円,無料,103号室,2DK,38.4㎡,南東
【空室1件】 クレドール富久,都営新宿線 曙橋駅 徒歩7分,東京メトロ丸ノ内線 四谷三丁目駅 徒歩11分,東京都新宿区富久町,1992年3月(築31年),4階建,"160,000円","管理費5,000円",16.5万円,16.5万円,"88,000円",207号室,2LDK,53.16㎡,西
【空室1件】 クレストコート,京急本線 六郷土手駅 徒歩8分,京急本線 雑色駅 徒歩12分,東京都大田区東六郷３丁目,1999年3月(築24年),5階建,"147,000円","管理費10,000円",14.7万円,無料,"88,000円",0305号室,3LDK,65.17㎡,南
【空室1件】 ＹＭＤビル,東京メトロ丸ノ内線 西新宿駅 徒歩7分,ＪＲ山手線 新宿駅 徒歩12分,東京都新宿区北新宿１丁目,1988年3月(築35年),5階建,"140,000円","管理費10,000円",14.0万円,14.0万円,"88,000円",203号室,2DK,50.44㎡,南
【空室1件】 ＪＵ　ＴＯＷＥＲ　ＦＲＯＮＴ　北斎Ｓｔ,ＪＲ総武線 錦糸町駅 徒歩10分,都営大江戸線 両国駅 徒歩11分,東京都墨田区亀沢４丁目,2021年3月(築2年),9階建,"188,000円","管理費10,000円",18.8万円,18.8万円,"88,000円",305号室,2LDK,50.53㎡,-
【空室1件】 旭泉マンション,ＪＲ山手線 駒込駅 徒歩3分,東京メトロ南北線 駒込駅 徒歩6分,東京都北区中里２丁目,1988年2月(築35年),5階建,"115,000円","管理費10,000円",11.5万円,11.5万円,無料,203号室,2DK,41.31㎡,南東
【空室1件】 メゾン柴又,東京メトロ南北線 駒込駅 徒歩6分,,東京都葛飾区柴又１丁目,1989年10月(築34年),2階建,"64,000円",管理費0円,6.4万円,無料,無料,101号室,2K,33.95㎡,南
【空室1件】 アーバニティハイム,都営新宿線 瑞江駅 徒歩14分,都営新宿線 一之江駅 バス10分 宮下下車 徒歩3分,東京都江戸川区東瑞江２丁目,1992年4月(築31年),2階建,"95,000円","管理費5,000円",9.5万円,無料,無料,103号室,2DK,51.69㎡,南東
【空室1件】 桜台2丁目貸戸建,西武有楽町線 新桜台駅 徒歩5分,東京メトロ副都心線 氷川台駅 徒歩8分,東京都練馬区桜台,2024年2月(新築),2階建,"198,000円",管理費0円,19.8万円,19.8万円,"88,000円",2号室,2SLDK,65.2㎡,南
【空室1件】 ライフピア中板橋,東武東上線 中板橋駅 徒歩6分,東武東上線 ときわ台駅 徒歩11分,東京都板橋区弥生町,2002年4月(築21年),7階建,"195,000円","管理費5,000円",19.5万円,19.5万円,無料,308号室,2SLDK,80.65㎡,南東
【空室1件】 児玉マンションⅡ,都営三田線 白山駅 徒歩7分,都営大江戸線 春日駅 徒歩13分,東京都文京区白山２丁目,1993年1月(築30年),4階建,"110,000円","管理費3,000円",11.0万円,無料,無料,101号室,2DK,35.24㎡,東
【空室1件】 二葉ハイツ,湘南新宿ライン宇須 西大井駅 徒歩3分,東急大井町線 下神明駅 徒歩10分,東京都品川区二葉２丁目,1978年10月(築45年),6階建,"83,000円","管理費2,000円",8.3万円,8.3万円,無料,303号室,2K,36㎡,南
【空室1件】 ハウス21,ＪＲ中央線 中野駅 徒歩9分,西武新宿線 新井薬師前駅 徒歩13分,東京都中野区中野５丁目,1993年3月(築30年),2階建,"120,000円",管理費0円,12.0万円,12.0万円,無料,201号室,2DK,42.26㎡,南
【空室1件】 ザ・パークハウス青砥,京成本線 青砥駅 徒歩14分,ＪＲ常磐線 亀有駅 バス11分 老健青戸こはるびの里下車 徒歩4分,東京都葛飾区青戸７丁目,2013年6月(築10年),20階建,"188,000円",管理費0円,18.8万円,18.8万円,"88,000円",424号室,3LDK,72.16㎡,東
【空室1件】 六町１丁目戸建ｂ棟,つくばエクスプレス 六町駅 徒歩7分,東京メトロ千代田線 北綾瀬駅 徒歩14分,東京都足立区六町１丁目,2020年3月(築3年),2階建,"180,000円",管理費0円,18.0万円,36.0万円,"88,000円",1号室,3LDK,82.8㎡,南
【空室1件】 千石MTビル,都営三田線 千石駅 徒歩4分,ＪＲ山手線 巣鴨駅 徒歩10分,東京都文京区千石４丁目,1987年8月(築36年),3階建,"110,000円","管理費2,000円",11.0万円,11.0万円,無料,201号室,2DK,51.6㎡,南
【空室1件】 仲六マンション,京急本線 雑色駅 徒歩2分,京急本線 六郷土手駅 徒歩17分,東京都大田区仲六郷２丁目,1971年3月(築52年),6階建,"95,000円",管理費0円,9.5万円,9.5万円,無料,203号室,2DK,51.84㎡,東
【空室1件】 濱野ビル,ＪＲ常磐線 三河島駅 徒歩5分,京成本線 新三河島駅 徒歩11分,東京都荒川区荒川３丁目,1984年11月(築39年),4階建,"95,000円","管理費5,000円",9.5万円,9.5万円,無料,203号室,2K,35.44㎡,西
【空室3件】 イカリハイツ,ＪＲ山手線 田端駅 徒歩9分,日暮里舎人ライナー 赤土小学校前駅 徒歩4分,東京都荒川区東尾久４丁目,1978年3月(築45年),4階建,"100,000円",管理費0円,10.5万円,10.5万円,無料,303号室,2DK,45㎡,東
【空室3件】 イカリハイツ,ＪＲ山手線 田端駅 徒歩9分,日暮里舎人ライナー 赤土小学校前駅 徒歩4分,東京都荒川区東尾久４丁目,1978年3月(築45年),4階建,"100,000円",管理費0円,10.5万円,10.5万円,無料,203号室,2DK,45㎡,東
【空室3件】 イカリハイツ,ＪＲ山手線 田端駅 徒歩9分,日暮里舎人ライナー 赤土小学校前駅 徒歩4分,東京都荒川区東尾久４丁目,1978年3月(築45年),4階建,"100,000円",管理費0円,10.5万円,10.5万円,無料,305号室,2DK,45㎡,東
【空室1件】 マチダアパート,ＪＲ総武線 信濃町駅 徒歩9分,ＪＲ総武線 四ツ谷駅 徒歩10分,東京都新宿区若葉３丁目,1970年5月(築53年),2階建,"65,000円",管理費0円,6.5万円,6.5万円,無料,B号室,2DK,21㎡,南
【空室1件】 プレジオ戸越,東急池上線 戸越銀座駅 徒歩1分,都営浅草線 戸越駅 徒歩2分,東京都品川区平塚１丁目,2000年1月(築23年),3階建,"138,000円","管理費5,000円",13.8万円,13.8万円,"88,000円",201号室,2K,43.45㎡,南
【空室1件】 ブリリアンス日本橋浜町参番館,都営新宿線 浜町駅 徒歩5分,東京メトロ半蔵門線 水天宮前駅 徒歩8分,東京都中央区日本橋浜町,1985年7月(築38年),9階建,"160,000円","管理費10,000円",16.0万円,16.0万円,"88,000円",202号室,3LDK,56.48㎡,南
【空室1件】 ガーデンパレス高円寺,ＪＲ総武線 高円寺駅 徒歩5分,西武新宿線 野方駅 徒歩19分,東京都杉並区高円寺北２丁目,2017年2月(築6年),3階建,"178,000円","管理費4,000円",17.8万円,17.8万円,無料,201号室,2LDK,65㎡,西
【空室1件】 グリーンフィールド大山,西武新宿線 野方駅 徒歩19分,,東京都板橋区熊野町,1995年9月(築28年),14階建,"157,000円","管理費15,000円",無料,無料,無料,0903号室,2LDK,57.42㎡,南西
【空室1件】 春江町戸建,都営新宿線 瑞江駅 徒歩15分,東京メトロ東西線 葛西駅 バス15分 瑞江斎場下車 徒歩4分,東京都江戸川区春江町３丁目,1973年6月(築50年),2階建,"103,000円",管理費0円,10.3万円,無料,"88,000円",1号室,2LDK,46.3㎡,南西
【空室1件】 ライオンズ東向島ミレス,東武伊勢崎線 東向島駅 徒歩4分,東武伊勢崎線 曳舟駅 徒歩11分,東京都墨田区東向島４丁目,2018年7月(築5年),9階建,"159,000円","管理費10,000円",15.9万円,15.9万円,"88,000円",０７０４号室,2LDK,54.54㎡,南
【空室2件】 レジデンス浜田山,京王井の頭線 浜田山駅 徒歩5分,京王井の頭線 高井戸駅 徒歩15分,東京都杉並区浜田山３丁目,1996年5月(築27年),7階建,"135,000円","管理費6,000円",13.5万円,13.5万円,"88,000円",601号室,2DK,45㎡,南西
【空室2件】 レジデンス浜田山,京王井の頭線 浜田山駅 徒歩5分,京王井の頭線 高井戸駅 徒歩15分,東京都杉並区浜田山３丁目,1996年5月(築27年),7階建,"133,000円","管理費6,000円",13.3万円,13.3万円,"88,000円",605号室,2DK,45㎡,南西
【空室15件】 プライムガーデン若木,東武東上線 東武練馬駅 徒歩10分,東武東上線 上板橋駅 徒歩11分,東京都板橋区若木１丁目,2024年3月(新築),5階建,"160,000円","管理費20,000円",無料,無料,無料,0101号室,2LDK,48.27㎡,西
【空室15件】 プライムガーデン若木,東武東上線 東武練馬駅 徒歩10分,東武東上線 上板橋駅 徒歩11分,東京都板橋区若木１丁目,2024年3月(新築),5階建,"174,000円","管理費20,000円",無料,無料,無料,0417号室,2LDK,51.42㎡,東
【空室15件】 プライムガーデン若木,東武東上線 東武練馬駅 徒歩10分,東武東上線 上板橋駅 徒歩11分,東京都板橋区若木１丁目,2024年3月(新築),5階建,"164,000円","管理費20,000円",無料,無料,無料,0424号室,2LDK,48.27㎡,東
【空室2件】 アルテシモクルブ,東急目黒線 武蔵小山駅 徒歩5分,東急目黒線 西小山駅 徒歩12分,東京都目黒区目黒本町３丁目,2023年11月(新築),6階建,"183,000円","管理費15,000円",無料,無料,無料,0106号室,2DK,40.06㎡,南西
【空室2件】 アルテシモクルブ,東急目黒線 武蔵小山駅 徒歩5分,東急目黒線 西小山駅 徒歩12分,東京都目黒区目黒本町３丁目,2023年11月(新築),6階建,"185,000円","管理費15,000円",無料,無料,無料,0105号室,2DK,41.44㎡,北東
【空室1件】 西ヶ原の家,ＪＲ京浜東北・根岸線 上中里駅 徒歩6分,東京メトロ南北線 西ヶ原駅 徒歩8分,東京都北区西ケ原１丁目,1989年3月(築34年),2階建,"140,000円",管理費0円,14.0万円,14.0万円,"11,000円",2F号室,2K,48.02㎡,南
【空室1件】 メゾン大塚,都営三田線 西巣鴨駅 徒歩4分,ＪＲ埼京線 板橋駅 徒歩7分,東京都北区滝野川６丁目,1990年3月(築33年),4階建,"95,000円","管理費3,000円",9.5万円,9.5万円,"88,000円",302号室,2DK,37.2㎡,南西
【空室1件】 アーバンハイツ,都営大江戸線 光が丘駅 徒歩23分,西武池袋線 石神井公園駅 バス18分 土支田八幡下車 徒歩5分,東京都練馬区土支田２丁目,1994年1月(築29年),2階建,"83,000円","管理費3,000円",無料,無料,"88,000円",103号室,3DK,55.28㎡,-
【空室2件】 エコーピア,西武池袋線 石神井公園駅 バス18分 土支田八幡下車 徒歩5分,,東京都墨田区八広４丁目,1992年2月(築31年),9階建,"95,000円",管理費0円,9.5万円,9.5万円,"88,000円",0504号室,2DK,41.07㎡,西
【空室2件】 エコーピア,西武池袋線 石神井公園駅 バス18分 土支田八幡下車 徒歩5分,,東京都墨田区八広４丁目,1992年2月(築31年),9階建,"96,000円",管理費0円,9.6万円,9.6万円,"88,000円",0803号室,2DK,41.07㎡,西
【空室1件】 ライオンズプラザ武蔵関リュイール,西武池袋線 石神井公園駅 バス18分 土支田八幡下車 徒歩5分,,東京都練馬区関町北２丁目,2006年7月(築17年),15階建,"148,000円","管理費10,000円",14.8万円,14.8万円,"88,000円",１１０４号室,2LDK,62.77㎡,南
【空室1件】 白鳳マンション中野新橋,東京メトロ丸ノ内線 中野新橋駅 徒歩4分,都営大江戸線 中野坂上駅 徒歩10分,東京都中野区本町３丁目,1983年5月(築40年),5階建,"114,000円","管理費10,000円",11.4万円,11.4万円,"88,000円",０１０３号室,2DK,38.83㎡,南
【空室1件】 リテラス渋谷笹塚,京王線 笹塚駅 徒歩8分,京王線 代田橋駅 徒歩6分,東京都渋谷区笹塚２丁目,2022年6月(築1年),15階建,"137,000円","管理費15,000円",13.7万円,無料,無料,0403号室,2K,33.8㎡,北
【空室1件】 イーストパークス大島　サザンスクエア,都営新宿線 大島駅 徒歩2分,ＪＲ総武線 亀戸駅 徒歩16分,東京都江東区大島６丁目,1997年9月(築26年),14階建,"180,000円","管理費15,000円",18.0万円,18.0万円,"88,000円",804号室,3LDK,68.58㎡,南西
【空室1件】 LUCK FIELD　B棟,東京メトロ千代田線 北綾瀬駅 徒歩9分,ＪＲ常磐線 綾瀬駅 徒歩19分,東京都足立区綾瀬７丁目,2013年3月(築10年),3階建,"117,000円","管理費3,000円",11.7万円,無料,"88,000円",301号室,2SLDK,56.91㎡,南東
【空室1件】 ボワァール本駒込,都営三田線 千石駅 徒歩7分,東京メトロ南北線 本駒込駅 徒歩7分,東京都文京区本駒込１丁目,1994年9月(築29年),2階建,"155,000円",管理費0円,15.5万円,15.5万円,"88,000円",102号室,2DK,51.75㎡,南東
【空室1件】 サンイーストひぐち,東京メトロ東西線 東陽町駅 徒歩4分,東京メトロ東西線 木場駅 徒歩8分,東京都江東区東陽３丁目,1997年11月(築26年),4階建,"100,000円",管理費0円,10.0万円,無料,"88,000円",101号室,2DK,39.15㎡,東
【空室1件】 コーポレート船堀,都営新宿線 船堀駅 徒歩15分,ＪＲ総武線 新小岩駅 バス13分 東小松川二丁目下車 徒歩1分,東京都江戸川区東小松川２丁目,1997年8月(築26年),11階建,"120,000円","管理費8,000円",無料,6.0万円,"22,000円",703号室,2LDK,59㎡,南
【空室1件】 SYFORME MORISHITA,都営新宿線 菊川駅 徒歩4分,都営新宿線 森下駅 徒歩5分,東京都墨田区菊川１丁目,2020年2月(築3年),9階建,"114,000円","管理費15,000円",無料,11.4万円,"26,000円",901号室,2K,28.49㎡,南
【空室1件】 金子マンション,東京メトロ千代田線 綾瀬駅 徒歩5分,つくばエクスプレス 青井駅 徒歩15分,東京都足立区綾瀬４丁目,1977年4月(築46年),4階建,"67,000円","管理費3,000円",無料,無料,"70,000円",303号室,2DK,34.02㎡,-
【空室1件】 ドルフケンマート,都営浅草線 馬込駅 徒歩1分,東急大井町線 荏原町駅 徒歩11分,東京都大田区北馬込２丁目,1976年3月(築47年),5階建,"115,000円","管理費3,000円",11.5万円,無料,無料,301号室,2LDK,45㎡,南
【空室1件】 ラフィネ学芸大学,東急大井町線 荏原町駅 徒歩11分,,東京都目黒区中央町１丁目,2002年11月(築21年),3階建,"122,000円","管理費4,000円",12.2万円,12.2万円,"88,000円",101号室,2K,36.31㎡,南西
【空室1件】 三桃マンション,京急本線 梅屋敷駅 徒歩8分,京急本線 大森町駅 徒歩11分,東京都大田区大森中３丁目,1988年3月(築35年),4階建,"101,000円","管理費5,000円",10.1万円,10.1万円,"33,000円",0204号室,2DK,42㎡,東
【空室1件】 ハイムサクラ,東京メトロ千代田線 町屋駅 徒歩9分,ＪＲ常磐線 三河島駅 徒歩10分,東京都荒川区荒川２丁目,1997年11月(築26年),2階建,"82,000円","管理費3,000円",8.2万円,8.2万円,"88,000円",101号室,2DK,40.07㎡,南
【空室1件】 Ｓ　Ｋ　ＣＵＢＥ,ＪＲ総武線 亀戸駅 徒歩5分,東武亀戸線 亀戸駅 徒歩5分,東京都江東区亀戸５丁目,2009年5月(築14年),3階建,"86,000円",管理費0円,8.6万円,8.6万円,"88,000円",101号室,2K,32.74㎡,-
【空室1件】 ジェノヴィア浅草Ⅴスカイガーデン,つくばエクスプレス 浅草駅 徒歩10分,東京メトロ日比谷線 入谷駅 徒歩13分,東京都台東区浅草５丁目,2021年12月(築2年),12階建,"178,000円","管理費15,000円",無料,無料,無料,00902号室,2LDK,46.73㎡,北西
【空室1件】 サニーハイツ,東京メトロ千代田線 代々木公園駅 徒歩8分,小田急小田原線 代々木八幡駅 徒歩7分,東京都渋谷区富ヶ谷２丁目,1980年6月(築43年),3階建,"140,000円","管理費5,000円",14.0万円,14.0万円,"88,000円",103号室,2K,43.2㎡,東
【空室1件】 ドエル立石,小田急小田原線 代々木八幡駅 徒歩7分,,東京都葛飾区東立石１丁目,1985年10月(築38年),3階建,"63,000円","管理費5,000円",6.3万円,6.3万円,仲介手数料 ,203号室,2LDK,47.04㎡,東
【空室1件】 ラヴィーナ池上,東急池上線 池上駅 徒歩7分,東急池上線 蒲田駅 徒歩17分,東京都大田区池上６丁目,1988年10月(築35年),5階建,"116,000円","管理費7,000円",11.6万円,11.6万円,"88,000円",0203号室,2DK,47.19㎡,西
【空室1件】 ドミール鷺宮,西武新宿線 鷺ノ宮駅 徒歩3分,ＪＲ中央線 高円寺駅 徒歩35分,東京都中野区鷺宮４丁目,1993年5月(築30年),2階建,"83,000円","管理費2,000円",8.3万円,無料,"88,000円",102号室,2DK,37.26㎡,南東
【空室3件】 ＧＲＡＮ　ＰＡＳＥＯ碑文谷Ｎｏｒｔｈ,東急東横線 都立大学駅 徒歩8分,東急目黒線 大岡山駅 徒歩14分,東京都目黒区碑文谷３丁目,2021年10月(築2年),4階建,"172,000円","管理費15,000円",無料,無料,無料,0305号室,2DK,40.16㎡,南西
【空室3件】 ＧＲＡＮ　ＰＡＳＥＯ碑文谷Ｎｏｒｔｈ,東急東横線 都立大学駅 徒歩8分,東急目黒線 大岡山駅 徒歩14分,東京都目黒区碑文谷３丁目,2021年10月(築2年),4階建,"180,000円","管理費10,000円",無料,無料,無料,0102号室,2DK,41.11㎡,北東
【空室3件】 ＧＲＡＮ　ＰＡＳＥＯ碑文谷Ｎｏｒｔｈ,東急東横線 都立大学駅 徒歩8分,東急目黒線 大岡山駅 徒歩14分,東京都目黒区碑文谷３丁目,2021年10月(築2年),4階建,"183,000円","管理費15,000円",無料,無料,無料,0302号室,2DK,41.11㎡,北東
【空室1件】 ＧＲＡＮ　ＰＡＳＥＯ新大塚,東京メトロ丸ノ内線 新大塚駅 徒歩3分,ＪＲ山手線 大塚駅 徒歩7分,東京都豊島区東池袋５丁目,2021年1月(築2年),12階建,"125,000円","管理費12,000円",無料,無料,無料,0701号室,2K,25.81㎡,北東
【空室1件】 ハクジウハイツ,ＪＲ山手線 大塚駅 徒歩7分,,東京都豊島区目白３丁目,1980年8月(築43年),5階建,"120,000円",管理費0円,12.0万円,12.0万円,"88,000円",304号室,2DK,44.62㎡,南東
【空室1件】 コスモ葛西臨海公園ロイヤルコート,東京メトロ東西線 葛西駅 バス5分 堀江団地下車 徒歩7分,ＪＲ京葉線 葛西臨海公園駅 徒歩15分,東京都江戸川区南葛西５丁目,1996年10月(築27年),10階建,"135,000円","管理費10,000円",13.5万円,13.5万円,無料,101号室,3LDK,75.27㎡,-
【空室3件】 ＫＤＸレジデンス本蓮沼,ＪＲ京葉線 葛西臨海公園駅 徒歩15分,,東京都板橋区蓮沼町,2023年12月(新築),14階建,"182,000円","管理費15,000円",18.2万円,18.2万円,無料,0204号室,2LDK,55.2㎡,西
【空室3件】 ＫＤＸレジデンス本蓮沼,ＪＲ京葉線 葛西臨海公園駅 徒歩15分,,東京都板橋区蓮沼町,2023年12月(新築),14階建,"185,000円","管理費15,000円",18.5万円,18.5万円,無料,0504号室,2LDK,55.2㎡,西
【空室3件】 ＫＤＸレジデンス本蓮沼,ＪＲ京葉線 葛西臨海公園駅 徒歩15分,,東京都板橋区蓮沼町,2023年12月(新築),14階建,"184,000円","管理費15,000円",18.4万円,18.4万円,無料,0404号室,2LDK,55.2㎡,西
【空室1件】 真野メゾネット,東京メトロ有楽町線 江戸川橋駅 徒歩9分,東京メトロ丸ノ内線 後楽園駅 徒歩16分,東京都文京区水道１丁目,1991年7月(築32年),2階建,"167,000円","管理費3,000円",16.7万円,16.7万円,"88,000円",C号室,2DK,54.64㎡,南西
【空室1件】 ラフィネ大崎（B）,湘南新宿ライン宇須 大崎駅 徒歩4分,湘南新宿ライン高海 大崎駅 徒歩4分,東京都品川区大崎５丁目,1997年9月(築26年),12階建,"175,000円","管理費12,000円",17.5万円,17.5万円,"88,000円",306号室,2LDK,61.84㎡,西
【空室1件】 大田区東蒲田１丁目住宅,京急本線 梅屋敷駅 徒歩6分,京急本線 京急蒲田駅 徒歩10分,東京都大田区東蒲田１丁目,1971年10月(築52年),2階建,"174,000円",管理費0円,17.4万円,17.4万円,"88,000円",201号室,2LDK,72.04㎡,南
【空室1件】 ウェストコート,ＪＲ総武線 新小岩駅 徒歩24分,ＪＲ総武線 錦糸町駅 バス13分 小松川警察署前下車 徒歩5分,東京都江戸川区松島１丁目,2007年3月(築16年),2階建,"117,000円",管理費0円,11.7万円,11.7万円,"88,000円",B号室,2LDK,66.7㎡,-
【空室1件】 エクセレンツ青砥,京成本線 青砥駅 徒歩7分,京成本線 京成高砂駅 徒歩17分,東京都葛飾区青戸５丁目,1988年11月(築35年),4階建,"67,000円","管理費5,000円",無料,無料,無料,103号室,2K,29.76㎡,-
【空室1件】 ソライエアイル練馬北町,東京メトロ有楽町線 地下鉄赤塚駅 徒歩7分,東京メトロ副都心線 地下鉄赤塚駅 徒歩7分,東京都練馬区北町３丁目,2020年1月(築3年),6階建,"183,000円","管理費15,000円",18.3万円,18.3万円,無料,308号室,2LDK,58.42㎡,南西
【空室1件】 プラネソシエ青戸,東京メトロ副都心線 地下鉄赤塚駅 徒歩7分,,東京都葛飾区青戸１丁目,2024年1月(新築),6階建,"180,000円","管理費12,000円",18.0万円,18.0万円,"88,000円",504号室,2LDK,51.24㎡,北西
【空室1件】 ＮＳビル,東京メトロ副都心線 地下鉄赤塚駅 徒歩7分,,東京都江戸川区中葛西３丁目,1994年4月(築29年),4階建,"80,000円",管理費0円,8.0万円,無料,無料,304号室,2K,38.26㎡,南
【空室1件】 プライマル門前仲町,東京メトロ東西線 門前仲町駅 徒歩3分,都営大江戸線 門前仲町駅 徒歩3分,東京都江東区深川２丁目,2021年6月(築2年),7階建,"103,000円","管理費10,000円",10.3万円,10.3万円,"26,000円",205号室,2K,25.14㎡,西
【空室1件】 パークアクシス元浅草ステージ,ＪＲ山手線 御徒町駅 徒歩13分,つくばエクスプレス 新御徒町駅 徒歩3分,東京都台東区元浅草１丁目,2008年4月(築15年),16階建,"188,000円","管理費10,000円",18.8万円,37.6万円,無料,1013号室,2DK,46.23㎡,西
【空室1件】 エクシード根岸アメニティーレジデンス,ＪＲ山手線 鶯谷駅 徒歩4分,東京メトロ日比谷線 入谷駅 徒歩10分,東京都台東区根岸３丁目,1987年7月(築36年),4階建,"129,000円","管理費4,000円",12.9万円,12.9万円,"88,000円",302号室,2LDK,47.37㎡,南
【空室1件】 ＵＵＲコート白鷺,西武新宿線 鷺ノ宮駅 徒歩6分,西武新宿線 都立家政駅 徒歩9分,東京都中野区白鷺１丁目,2002年2月(築21年),7階建,"156,000円","管理費10,000円",15.6万円,15.6万円,無料,406号室,2LDK,59.9㎡,南
【空室1件】 メゾンドボヌール梅島,西武新宿線 都立家政駅 徒歩9分,,東京都足立区梅島１丁目,2001年3月(築22年),4階建,"105,000円","管理費10,000円",10.5万円,10.5万円,"88,000円",303号室,2DK,51㎡,南
【空室1件】 アビタシオン葛西,西武新宿線 都立家政駅 徒歩9分,,東京都江戸川区東葛西６丁目,1995年5月(築28年),10階建,"105,000円","管理費8,000円",10.5万円,10.5万円,"88,000円",902号室,2DK,45.37㎡,西
【空室1件】 セントラルパレス,西武新宿線 都立家政駅 徒歩9分,,東京都練馬区中村南２丁目,1997年1月(築26年),7階建,"128,000円","管理費6,000円",12.8万円,12.8万円,"88,000円",304号室,2LDK,56㎡,南
【空室1件】 レオネクストプラシード,西武新宿線 都立家政駅 徒歩9分,,東京都練馬区西大泉４丁目,2012年1月(築11年),2階建,"107,000円","管理費5,500円",無料,10.7万円,無料,202号室,2LDK,62.28㎡,南
【空室1件】 レオネクストエクセルアサヒⅥ,西武新宿線 都立家政駅 徒歩9分,,東京都中野区野方６丁目,2015年7月(築8年),4階建,"159,000円","管理費5,500円",無料,15.9万円,無料,105号室,2LDK,61.4㎡,東
【空室2件】 グランセルコーバ,西武池袋線 練馬駅 徒歩2分,都営大江戸線 練馬駅 徒歩1分,東京都練馬区豊玉北５丁目,1997年2月(築26年),10階建,"125,000円","管理費8,000円",12.5万円,12.5万円,"88,000円",0403号室,2DK,48.25㎡,南
【空室2件】 グランセルコーバ,西武池袋線 練馬駅 徒歩2分,都営大江戸線 練馬駅 徒歩1分,東京都練馬区豊玉北５丁目,1997年2月(築26年),10階建,"130,000円","管理費8,000円",13.0万円,26.0万円,"88,000円",0803号室,2DK,45.7㎡,南
【空室1件】 ＢＬＥＳＳ上池袋,東武東上線 北池袋駅 徒歩5分,ＪＲ山手線 池袋駅 徒歩16分,東京都豊島区上池袋３丁目,2015年3月(築8年),5階建,"178,000円","管理費8,000円",17.8万円,35.6万円,"88,000円",0504号室,2LDK,48.29㎡,南
【空室1件】 ドルピテム,ＪＲ中央本線 高円寺駅 徒歩9分,ＪＲ総武線 高円寺駅 徒歩9分,東京都杉並区高円寺北３丁目,1989年7月(築34年),5階建,"132,000円","管理費4,000円",13.2万円,13.2万円,無料,305号室,2DK,44.2㎡,南
【空室1件】 ザ・パークハビオ神楽坂,都営大江戸線 牛込神楽坂駅 徒歩3分,東京メトロ東西線 神楽坂駅 徒歩6分,東京都新宿区横寺町,2020年3月(築3年),10階建,"154,000円","管理費18,000円",15.4万円,15.4万円,無料,404号室,2K,30.98㎡,北東
【空室1件】 サンハイム,東京メトロ千代田線 北綾瀬駅 徒歩6分,つくばエクスプレス 青井駅 徒歩22分,東京都足立区東綾瀬３丁目,1977年1月(築46年),2階建,"61,000円",管理費0円,6.1万円,無料,仲介手数料 ,202号室,2K,26㎡,南東
【空室1件】 モント北馬込,東急大井町線 荏原町駅 徒歩6分,東急大井町線 旗の台駅 徒歩8分,東京都大田区北馬込１丁目,1997年6月(築26年),3階建,"120,000円","管理費2,000円",12.0万円,無料,無料,101号室,2DK,39㎡,東
【空室1件】 パークサイド南大井,京急本線 立会川駅 徒歩5分,東京モノレール 大井競馬場前駅 徒歩10分,東京都品川区南大井１丁目,1982年3月(築41年),6階建,"112,500円","管理費9,000円",無料,無料,無料,508号室,2DK,39.17㎡,北東
【空室1件】 エステートピアウエスト,都電荒川線 荒川区役所前駅 徒歩5分,都電荒川線 荒川一中前駅 徒歩7分,東京都荒川区南千住６丁目,1988年7月(築35年),3階建,"78,000円","管理費3,000円",無料,無料,無料,302号室,2DK,39.54㎡,南西
【空室1件】 西六郷三井ハウス,京急本線 雑色駅 徒歩8分,ＪＲ京浜東北・根岸線 蒲田駅 徒歩15分,東京都大田区西六郷１丁目,1981年2月(築42年),2階建,"83,000円",管理費0円,8.3万円,無料,無料,102号室,2K,30.89㎡,南
【空室1件】 大野マンション,都営新宿線 菊川駅 徒歩5分,東京メトロ半蔵門線 住吉駅 徒歩9分,東京都墨田区菊川３丁目,1973年1月(築50年),4階建,"82,000円",管理費0円,16.4万円,無料,無料,201号室,2K,28㎡,南
【空室1件】 ジェノヴィア押上Ⅱ,京成押上線 押上駅 徒歩7分,東武伊勢崎線 とうきょうスカイツリー駅 徒歩9分,東京都墨田区向島３丁目,2023年6月(新築),7階建,"112,000円","管理費10,000円",無料,無料,無料,503号室,2K,25.65㎡,東
【空室1件】 高稲荷ハイツ,東京メトロ有楽町線 氷川台駅 徒歩10分,西武池袋線 桜台駅 徒歩14分,東京都練馬区桜台６丁目,1991年7月(築32年),2階建,"92,000円","管理費2,000円",無料,無料,無料,103号室,2K,34.78㎡,-
【空室1件】 メゾンサガノ,東京メトロ千代田線 綾瀬駅 徒歩8分,東武伊勢崎線 五反野駅 徒歩9分,東京都足立区西綾瀬３丁目,1988年1月(築35年),3階建,"80,000円",管理費0円,無料,無料,"66,000円",302号室,2DK,38.84㎡,-
【空室1件】 メゾン呉羽,ＪＲ山手線 新宿駅 徒歩7分,小田急小田原線 南新宿駅 徒歩7分,東京都渋谷区代々木３丁目,1976年1月(築47年),5階建,"115,000円","管理費5,000円",11.5万円,11.5万円,無料,502号室,2DK,33.2㎡,北西
【空室1件】 MFPRコート木場公園,東京メトロ東西線 木場駅 徒歩9分,東京メトロ東西線 東陽町駅 徒歩10分,東京都江東区東陽６丁目,2007年3月(築16年),14階建,"171,000円","管理費9,000円",17.1万円,17.1万円,無料,701号室,2LDK,44.46㎡,西
【空室1件】 キングビルディング,東京メトロ丸ノ内線 東高円寺駅 徒歩5分,ＪＲ総武線 高円寺駅 徒歩15分,東京都杉並区梅里１丁目,1988年3月(築35年),5階建,"95,000円","管理費5,000円",9.5万円,無料,無料,０２０２号室,2DK,36.72㎡,西
【空室1件】 ビューステージ大山,ＪＲ総武線 高円寺駅 徒歩15分,,東京都板橋区大山金井町,1993年12月(築30年),10階建,"120,000円","管理費9,000円",12.0万円,12.0万円,"22,000円",0502号室,2DK,41.25㎡,南西
【空室1件】 ライオンズマンション東馬込,都営浅草線 馬込駅 徒歩2分,東急大井町線 荏原町駅 徒歩11分,東京都大田区東馬込１丁目,1988年7月(築35年),5階建,"129,000円",管理費0円,12.9万円,12.9万円,"88,000円",０３０４号室,2DK,45.9㎡,南東
【空室1件】 ミハス武蔵小山,東急目黒線 西小山駅 徒歩5分,東急目黒線 武蔵小山駅 徒歩8分,東京都品川区小山５丁目,2015年7月(築8年),3階建,"144,000円","管理費8,000円",無料,14.4万円,無料,201号室,2DK,48.86㎡,南西
【空室1件】 ベルヴュコート世田谷豪徳寺,小田急小田原線 豪徳寺駅 徒歩12分,東急世田谷線 宮の坂駅 徒歩7分,東京都世田谷区豪徳寺２丁目,2009年3月(築14年),3階建,"175,000円","管理費10,000円",17.5万円,21.0万円,"88,000円",103号室,2LDK,51.88㎡,東
【空室3件】 グランカーサ三ノ輪Ⅲ,東急世田谷線 宮の坂駅 徒歩7分,,東京都台東区日本堤２丁目,2023年12月(新築),12階建,"171,000円","管理費12,000円",無料,17.1万円,無料,0603号室,2LDK,40.88㎡,西
【空室3件】 グランカーサ三ノ輪Ⅲ,東急世田谷線 宮の坂駅 徒歩7分,,東京都台東区日本堤２丁目,2023年12月(新築),12階建,"173,000円","管理費12,000円",無料,17.3万円,無料,0803号室,2LDK,40.88㎡,西
【空室3件】 グランカーサ三ノ輪Ⅲ,東急世田谷線 宮の坂駅 徒歩7分,,東京都台東区日本堤２丁目,2023年12月(新築),12階建,"188,000円","管理費12,000円",無料,18.8万円,無料,1003号室,2LDK,40.88㎡,西
【空室1件】 ロイヤルパレス荏原中延,東急池上線 荏原中延駅 徒歩5分,東急大井町線 中延駅 徒歩11分,東京都品川区西中延２丁目,1984年6月(築39年),4階建,"105,000円","管理費15,000円",無料,無料,無料,304号室,2K,33.62㎡,南
【空室1件】 ドルフ喜多見,小田急小田原線 喜多見駅 徒歩10分,小田急小田原線 成城学園前駅 徒歩22分,東京都世田谷区喜多見９丁目,2005年2月(築18年),3階建,"134,000円","管理費8,000円",無料,13.4万円,"15,000円",319号室,2DK,49.41㎡,南
【空室1件】 リズ梅ヶ丘,小田急小田原線 梅ヶ丘駅 徒歩10分,東急世田谷線 若林駅 徒歩11分,東京都世田谷区梅丘３丁目,1991年3月(築32年),3階建,"185,000円","管理費13,000円",37.0万円,無料,無料,0203号室,3LDK,68.68㎡,南
【空室1件】 ミハス大森山王Ⅱ,東急世田谷線 若林駅 徒歩11分,,東京都大田区山王２丁目,2020年3月(築3年),3階建,"133,000円","管理費8,000円",無料,13.3万円,無料,202号室,2DK,44.71㎡,南
【空室1件】 レピュア大森山王,ＪＲ京浜東北・根岸線 大森駅 徒歩7分,京急本線 大森海岸駅 徒歩14分,東京都大田区山王１丁目,2015年10月(築8年),3階建,"162,000円","管理費8,000円",無料,16.2万円,無料,205号室,2LDK,60.04㎡,南
【空室1件】 マンション御殿山,ＪＲ山手線 大崎駅 徒歩5分,都営浅草線 五反田駅 徒歩13分,東京都品川区北品川５丁目,1979年12月(築44年),11階建,"186,000円",管理費0円,18.6万円,18.6万円,"88,000円",０９０５号室,2LDK,50.68㎡,東
【空室1件】 第一金子ビル,東京メトロ千代田線 綾瀬駅 徒歩5分,つくばエクスプレス 青井駅 徒歩12分,東京都足立区綾瀬４丁目,1985年1月(築38年),5階建,"90,000円","管理費5,000円",9.0万円,9.0万円,"64,000円",202号室,2DK,48.6㎡,西
【空室1件】 Ｂｅａｎ’ｓ新中野,東京メトロ丸ノ内線 新中野駅 徒歩2分,ＪＲ総武線 中野駅 徒歩14分,東京都中野区中央３丁目,2002年1月(築21年),3階建,"138,000円","管理費6,000円",13.8万円,13.8万円,"88,000円",207号室,2DK,38㎡,西
【空室1件】 ガーデンハイツたまがわ　Ａ棟,東急大井町線 尾山台駅 徒歩20分,東急東横線 田園調布駅 徒歩18分,東京都世田谷区玉堤１丁目,1988年9月(築35年),2階建,"135,000円",管理費0円,13.5万円,13.5万円,"88,000円",A3号室,2LDK,57.96㎡,南西
【空室1件】 水元ハウス,ＪＲ常磐線 金町駅 バス8分 水元総合スポーツセンター入口下車 徒歩2分,京成金町線 京成金町駅 バス8分 水元総合スポーツセンター入口下車 徒歩2分,東京都葛飾区水元３丁目,1971年1月(築52年),2階建,"133,000円","管理費5,000円",26.6万円,13.3万円,"88,000円",1号室,2LDK,53㎡,北
【空室1件】 フォレステージ浜田山,京成金町線 京成金町駅 バス8分 水元総合スポーツセンター入口下車 徒歩2分,,東京都杉並区浜田山１丁目,1996年6月(築27年),3階建,"190,000円","管理費3,000円",19.0万円,無料,"88,000円",204号室,3LDK,65.97㎡,南
